dates,order_items,reviews,taste_score,quantity_score,delivery_score,delivery_score
어제,"고추치킨/1,크크크치킨/1(사이드메뉴 추가(호랑이웨지감자))",아주 맛나게 잘 먹었습니다.,5,5,0
6일 전,순살 크랑이치킨/1,제 입맛에는 너무 달아요,3,5,0
2024년 4월 14일,크크크치킨/1(음료선택(코카콜라1.25L)),신선하고 소문듣고 주문했는데 아이들잘먹네요~^^,5,5,0
2024년 4월 11일,후라이드/1,바삭하고 맛있어요 재주문할고예요,5,5,0
2024년 4월 9일,더매운고추치킨/1,최고 최고..  맛난 음식. 감사드려요,5,5,0
2024년 4월 8일,하하핫치킨/1,"매운 양념맛중에 최고에요
뒷끝깔끔한 매운맛",5,5,0
2024년 4월 6일,더매운고추치킨/1,정말 맵고 정말 맛있어요.. 양도 어마무시~^^,5,5,0
2024년 3월 31일,후라이드/1(음료선택(콜라 1.25L 사이즈 업)),너무 잘먹었습니다,5,5,3
2024년 3월 24일,"간지치킨/1,떡볶이/1",치킨도 떡볶이도 아주 맛있어요:),5,5,5
2024년 3월 24일,"윙봉 반＋윙봉 반 선택/1(윙봉반＋반 선택1(하하핫윙봉 반),윙봉반＋반 선택2(간지윙봉 반))",항상 맛있게 잘먹고 있습니다~,5,5,5
2024년 3월 23일,순살 하하핫치킨/1,"배달 빠르고, 양념 치킨인데도 전혀 눅눅하지 않고 뭣보다 적당하게 맛있게 매워요. 단맛도 쎄지 않아서 밥 비벼 먹으면 딱 좋네요. 맛있게 먹었어요.",5,5,5
2024년 3월 17일,"윙봉 반＋윙봉 반 선택/1(윙봉반＋반 선택1(하하핫윙봉 반),윙봉반＋반 선택2(간지윙봉 반)),떡볶이/1",맛있게 잘먹었습니다 ~:),5,5,5
2024년 3월 16일,순살 크크크치킨/1,"60계 치킨은 첨이고, 이영자 광고가 넘 땡기는데다 후기까지 좋아서 시켜봤는데, 저희집은 역시 양념이네요. 치킨은 정말 바삭하고 잡내 안나고 맛있었는데, 소스가 3가지 모두 저희집 입맛에는 안맞아서 결국엔 남겼어요. ㅎㅎㅋ 치킨은 맛있었어서 다음에 양념으로 한번 더 시켜볼게요. 근데 60계 치킨에도 매운 양념맛이 있는지 모르겠네요.",4,5,5
2024년 3월 10일,"윙봉 반＋윙봉 반 선택/1(윙봉반＋반 선택1(하하핫윙봉 반),윙봉반＋반 선택2(간지윙봉 반))",맛있게 잘먹었습니다,5,5,5
2024년 3월 9일,"아~매워!소스/1,후라이드/1(음료선택(코카콜라1.25L))","잘먹었습니다 
바삭하니 맛있네요 양도많고 둘이먹었는데 남았어요",4,5,3
2024년 3월 1일,"순살 크크크치킨/1,순살간지 치킨/1","일주일에 한번은 꼭 먹는 ㅋㅋㅋ
배달도 빠르고, 맛도 있는 최애치킨입니당",5,5,5
2024년 2월 28일,고추치킨/1,음식이 깔끔하고 맛있어요  배달도 잘해주셨어요 추천합니다,4,4,4
2024년 2월 21일,"콤보（윙,봉,다리）（코카콜라）/1(콤보선택(크크크 콤보)),콤보（윙,봉,다리）（코카콜라）/1(콤보선택(하하핫 콤보))",맛있고 양도 많고 배달도 빨리오고 거기에 기분좋게 할인까지~!!,5,5,5
2024년 2월 18일,크크크치킨/1,맛있게 잘먹었네요. 번창하세요,4,4,4
2024년 2월 18일,"후라이드/1,미니쫀득볼（10개）/1,웨지감자/1,라이스치즈스틱（5개）/1,양념소스/2","후라이드를 시켰지만 이건 뭐 너무 바짝 팍팍 딱딱!!! 
잘게 자른 조각을 그리 튀기니 딱딱 
심지어 한마리를 4명이서 다먹지 못했고 저렇게 남겼다니 말 다 한거 아닌가요?  싸이드 메뉴만 걍~먹었네요 
다음에 안시킬꺼 같네요ㅠㅠ 
튀기는 시간 연구 하셔야겠어요~ 비추비추!!!",1,1,5
2024년 2월 17일,순살 크크크치킨/1(음료선택(스프라이트1.5L)),조카들이 좋아해서 오면 자주 주문해요,4,4,4
2024년 2월 14일,"윙봉24세트/1(윙봉선택(후라이드 윙봉)),직화쫀득불닭발/1,코카-콜라1.25L/1",바삭하고  맛있어요~배달  완전 빨라요,5,5,5
2024년 2월 13일,순살 크크크치킨/1,완전 바삭해요. 양념도 맛있고 양도 푸짐해요.,5,5,5
2024년 2월 12일,"크크크치킨/1,순살 크크크치킨/1,미니쫀득볼（10개）/1","항상 여기서만 시켜먹는데 친절하시고, 배달도 빠르고, 맛있습니다!!ㅎㅎ 덕분에 즐겁고, 맛있는 명절 보냈습니다! 새해 복 많이 받으세요:)",5,5,5
2024년 2월 11일,"순살후라이드/1,순살양념 치킨/1,생맥주 1,000cc/2","항상 맛있게 잘먹고 있습니다.
아이들도 너무 좋아해요",5,5,5
2024년 2월 6일,"콤보（윙,봉,다리）/1(콤보선택(고추 콤보)),크크크콤보＋치즈볼＋코카콜라1.25L/1(코카-콜라 음료선택(코카-콜라 레드 1.25L)),떡볶이/1",떡뽁이 너무  퍼지고 맛이 별루,3,3,4
2024년 2월 6일,"크크크콤보＋치즈볼＋코카콜라1.25L/1(코카-콜라 음료선택(코카-콜라 레드 1.25L)),웨지감자/1",가족들과맛있게 잘먹었어요~,4,4,4
2024년 2월 5일,떡볶이 엔 순살/1(순살선택(후라이드 순살)),"맛있게 잘 먹었습니다! 
감사헤요~~",5,5,5
2024년 2월 5일,호랑이치킨/1,맛있어요~!!! 배달도 빨라요!,5,5,5
2024년 2월 3일,호랑이치킨/1,엄마가 너무 좋아하셨습니다^^,5,5,5
2024년 2월 3일,후라이드/1,기존후라이드치킨과는 다른맛  담백하고 바삭한 튀김이네요 감자튀김 맛있었어요,4,5,5
2024년 1월 31일,"크크크치킨/1,생맥주 1,000cc/1","미쳤나봐여~~~♡♡♡
개인적으로 배달앱리뷰 처음써보는데
바삭바삭..소스는 3가지다 하나도빠짐없이 다맛남
배달봉투에 가장 맛있는 치킨이 담겼다는말이 맞는말임
많이파세요~~^^",5,5,5
2024년 1월 31일,"윙봉 반＋윙봉 반 선택/1(윙봉반＋반 선택1(하하핫윙봉 반),윙봉반＋반 선택2(간지윙봉 반))",여전히 맛있어요 근데 닭 크기가 많이 작아졌네요 :(,5,5,5
2024년 1월 30일,"크크크치킨/1(음료선택(사이다 1.25L)),호랑이치킨/1,생맥주 1,000cc/1",한 입 먹구 너무 맛있어서 사진 찍는 것도 까먹어서 중간에 찍었어요..ㅎㅎ 엄청 맛있고 사징님도 너무 친절하셔서 좋습니다!! 리뷰 쓰다가 또 생각나서 재주문 하고 다시 적어용ㅎㅎ,5,5,5
2024년 1월 30일,"콤보（윙,봉,다리）/1(콤보선택(크크크 콤보),음료선택(스프라이트1.5L)),미니쫀득볼（10개）/1,포테이토 치즈스틱（3개）/1",맛있죠 ㅋㅋ 치킨은 사랑입니다,5,5,5
2024년 1월 30일,하하핫치킨/1,"적당히 매콤하고 맛있어요
중독되는 맛",5,5,5
2024년 1월 28일,크크크치킨/1,바삭하고 맛있네요~,5,5,5
2024년 1월 27일,"콤보（윙,봉,다리）/1(콤보선택(후라이드 콤보)),크크크치킨/1","비오는날도아니고, 눈오늘날도아니고,축구하는날도 아니고 치킨배달이 한시간반이나걸리네요~~기본배달예정시간은 50분을 한시간반으로 바꾸시듼가요 ㅠㅠ",1,1,1
2024년 1월 21일,"마요네즈소스/1,순살 호랑이치킨/1",눅눅..하네요 진심ㅡㅡ,1,3,1
2024년 1월 21일,"콤보（윙,봉,다리）/1(콤보선택(크크크 콤보))","원래 이런 리뷰 절대 안남기는데 너무 기분나빠서 남깁니다.

일단 먹긴했습니다만, 배달예상시간 약 50분정도여서 주문했는데 거의 2시간이 다되어서 도착했네요. 이정도로 오래걸린적은 없는데, 심지어 도착후에 배달기사가 문자도 안남겨줘서 오고나서 한참있다 알았습니다. 

그리고 비가와서 포장지는 비에 다 젖고 치킨 박스에 빗물 다묻어있었습니다. 아마 치킨박스 구멍사이로도 당연히 비가 들어왔을겁니다. 또 콜라 제로로 변경 요청드렸는데, 아마 일반콜라 보내신걸보면 변경이안되는거겠죠? 말씀이라도해주셨으면 좋았을거같네요.

가게운영하시는데 분명 실수있을거라생각하지만, 너무 많은부분이 문제가있는거같네요.",3,5,1
2024년 1월 21일,"후라이드 순살 반＋순살 반 선택/1(순살반마리선택(간지순살 반)),호랑이웨지감자/1",배달빠르고맛있습니다,5,5,5
2024년 1월 20일,"크크크치킨/1,미니쫀득볼（10개）/1,치킨 무/1","추천 받아서 주문해 봤는데 바삭하고 소스가 맛있어요 
항상 양념치킨만 먹는데 ㅋㅋㅋ 시키길 잘 한것 같아요",5,5,5
2024년 1월 19일,순살 크크크치킨/1,추천합니다. 맛나요,5,5,5
2024년 1월 15일,순살 호랑이치킨/1,튀긴 치킨이 매워봤자... 하고 생각했지만 진짜 매콤함이 올라와서 좀 놀랐고 신기했습니다. 맛있게 잘 먹었습니다!,5,5,5
2024년 1월 14일,순살 크크크치킨/1,맛있게 잘 먹었습니다.,5,5,5
2024년 1월 11일,"크크크치킨/1,콘마요소스/1",배달도 빠르고 정말 맛있어요.,5,5,5
2024년 1월 10일,크크크치킨/1,바삭바삭 완죤 꿀맛 ㅎㅎ,5,5,5
2024년 1월 8일,크크크치킨/1,60계치킨 처음인데 크런키 엄청. 바삭거리고 속은 부드럽고 앗있네요 그리고 45분걸린다고 했는데 30분만에 왔네요.또 구매할께요~^^,5,5,5
2024년 1월 5일,양념치킨/1,여기 진짜 맛있어요.,5,5,5
2024년 1월 4일,"윙봉 반＋윙봉 반 선택/1(윙봉반＋반 선택1(하하핫윙봉 반),윙봉반＋반 선택2(간지윙봉 반))",맛있게 잘먹었습니다 :),5,5,5
2024년 1월 3일,후라이드/1,잘먹었습니다..맛있어요~~,5,5,5
2024년 1월 2일,하하핫치킨/1,치밥이 유행인지 초딩 저학년의 도전. 전 매운데 의외로 관찮다며 먹네요,5,5,5
2023년 12월 31일,"콤보（윙,봉,다리）/1(콤보선택(하하핫 콤보))",언제 먹어도 맛있는 하하하,5,5,5
2023년 12월 31일,후라이드 반＋반마리선택/1(반마리선택(양념치킨 반)),배달이 조금 늦게잡히긴 했지만 맛있게 잘먹었습니다,5,5,2
2023년 12월 26일,후라이드 반＋반마리선택/1(반마리선택(더매운고추  반)),60계 치킨은 역시 더바사삭 ㅋㅋㅋ 맵긴한데 맛나요 ㅋ,5,5,5
2023년 12월 26일,"콤보（윙,봉,다리）/1(콤보선택(간지 콤보)),순살 크크크치킨/1",잘먹었습니다 맛있어요,5,5,5
2023년 12월 26일,크크크치킨/1,바삭하고 소스가 맛있어요~,5,5,5
2023년 12월 25일,"봉 15조각/1(봉선택(더매운고추 봉 15조각)),윙 15조각/1(윙선택(더매운고추 윙 15조각))","오래기다림 배달시간보다ㅜ20분이상 늦음 매장
전화연결안됨",5,5,1
2023년 12월 22일,"반마리＋반마리 선택/1(뼈반＋반선택1(호랑이 반),뼈반＋반선택2(고추 반))","호랑이 반 + 고추 반 시켰는데
튀김옷이 좀 두껍고 물렁물렁한 느낌이에요. 
근처 여러 다른 지점에서 주문해 먹었던 동일한 메뉴인데 뭔가 다르네요.",2,5,5
2023년 12월 20일,"크크크치킨/1,미니쫀득볼（10개）/1","크크크 치킨 바삭하고 양도 많아요
치즈볼도 쫄깃쫄깃하고 맛있어요",5,5,5
2023년 12월 18일,"순살고추 치킨/1,콜라 245ml/1",조금만 더 바삭했음 좋겠어요,5,5,5
2023년 12월 16일,"후라이드/1,쫀도그/1",후라이드 도 기본맛으로 좋네요. 근데 ㅋㅋㅋ가 더 바삭한듯,4,4,4
2023년 12월 15일,"순살후라이드/1(음료선택(콜라 1.25L 사이즈 업)),치킨 무/1,아~매워!소스/1",바삭바삭한 치킨을 기대했는데 너무 눅눅해요 ㅠㅠㅠㅠ,3,3,4
2023년 12월 15일,"윙봉24세트/1(윙봉선택(간지 윙봉)),미니쫀득볼（10개）/1,코카-콜라1.25L/1","믿고먹는 60계..
역시 맛있습니다.",5,5,5
2023년 12월 11일,하하핫치킨/1,"매콤짭짤 청양고추도있고 맛있게 뚝딱
이벤트도 참여^^~
강추입니다 ^^~",5,4,5
2023년 12월 11일,순살 호랑이치킨/1,오랜만에 먹었는데 여전히 맛있네요~ 플레이크도 많이 뿌려주셔서 마지막까지 맛있게 먹었습니다ㅎㅎㅎㅎ,5,5,5
2023년 12월 9일,"순살 반＋순살 반 선택/1(순살반＋반선택1(순살호랑이 반),순살반＋반선택2(순살간지 반),음료선택(콜라 1.25L 사이즈 업))",너무 맛있어서 사진찍는걸 잊었네요...ㅠ,5,5,5
2023년 12월 9일,"콤보 반＋콤보 반 선택/1(콤보반＋반 선택1(간지콤보 반),콤보반＋반 선택2(하하핫콤보 반))",맛있게 잘먹었습니다,5,5,5
2023년 12월 4일,"후라이드/1,똥집튀김/1",언제먹어도 맛있어요,5,5,5
2023년 12월 2일,"크크크치킨/1,크크크소스/1,쫀득치즈볼（5개）/1",항상주문하는곳이에요,5,5,5
2023년 12월 1일,"윙봉 반＋윙봉 반 선택/1(윙봉반＋반 선택1(new장스윙봉 반),윙봉반＋반 선택2(간지윙봉 반)),떡볶이/1",맛있게 잘먹었습니다 :),5,5,5
2023년 11월 28일,떡볶이 엔 순살（코카콜라）/1(순살선택(크크크 순살)),"오자마자  아이들이  순삭했어요
맛있게 잘 먹었습니다",5,5,5
2023년 11월 28일,"윙봉 반＋윙봉 반 선택/1(윙봉반＋반 선택1(간지윙봉 반),윙봉반＋반 선택2(하하핫윙봉 반)),떡볶이/1",맛있게 잘먹었습니다~:),5,5,5
2023년 11월 27일,고추치킨/1,맛있게 잘 먹었습니다,5,5,5
2023년 11월 26일,후라이드콤보＋치즈볼＋코카콜라1.25L/1(코카-콜라 음료선택(코카-콜라 레드 1.25L)),치즈볼 넘넘 맛있고 치킨도 짜지 않아서 좋아요,5,5,5
2023년 11월 26일,순살 크크크치킨/1,맛있고 배달도 빨라서 좋았습니다,5,5,5
2023년 11월 18일,"윙봉 반＋윙봉 반 선택/1(윙봉반＋반 선택1(하하핫윙봉 반),윙봉반＋반 선택2(간지윙봉 반))",맛있게 잘먹었습니다~:),5,5,5
2023년 11월 9일,크크크치킨/1,"추천받아서 시켜봤는데 역시!네요
바삭한 맛이 최고고 소스도 맛있어요",5,5,5
2023년 11월 9일,"순살 반＋순살 반 선택/1(순살반＋반선택1(순살호랑이 반),순살반＋반선택2(순살간지 반),음료선택(콜라 1.25L 사이즈 업))",맛있게 잘 먹었습니다~,5,5,5
2023년 11월 4일,떡볶이 엔 순살（코카콜라）/1(순살선택(크크크 순살)),맛있게 잘 먹었습니다,5,5,5
2023년 11월 2일,"순살 크크크치킨/1,콘마요소스/1",처음엔 콘마요소스 이해를 못했는데 추가주문까지 하는 지금은 추가도 모자르다는 결론에 이르고있네요. 왜인지 자꾸 생각나는 크크크 다음에도 맛있게부탁드려요~,5,5,5
2023년 10월 31일,"후라이드/1,미니쫀득볼（10개）/1",깔끔하고 담백한 맛이 속에도 부담 안되고좋네요,5,4,5
2023년 10월 2일,순살 크크크치킨/1,맛있게 잘먹었어요 ^^,5,5,5
2023년 9월 27일,크크크치킨/1,열자 열자  열자,5,5,5
2023년 9월 13일,"콤보 반＋콤보 반 선택/1(콤보반＋반 선택1(간지콤보 반),콤보반＋반 선택2(고추콤보 반))",반반 너무 맛있어요,5,5,5
2023년 9월 12일,순살 크크크치킨/1,잘먹었습니다 맛있어요,5,5,5
2023년 9월 11일,순살 크크크치킨/1,요새 너무 유명해서 시켜먹어봤는데 너무 바삭하고 맛있어요 원래 치킨 많이 못먹는데 여기껀 별로 느끼하지도않고 맛좋네요 번창하세욥,5,5,5
2023년 9월 10일,순살고추 치킨/1(음료선택(콜라 500ml 사이즈 업)),따뜻하게 배달와서 먹었어요,5,5,5
2023년 9월 9일,윙 15조각/1(윙선택(고추 윙 15조각)),생각보다 양이많고 맛있었음,4,4,0
2023년 9월 9일,"다리 6조각/1(다리선택(후라이드 다리6조각)),콤보（윙,봉,다리）/1(콤보선택(크크크 콤보))",아이들이 좋아하는  ㅋㅋㅋ  맛있어요~,5,5,5
2023년 8월 21일,크크크치킨/1,배달이 빨라서 좋아요,4,4,5
2023년 8월 13일,"반마리＋반마리 선택/1(뼈반＋반선택1(간지 반),뼈반＋반선택2(더매운고추  반))","다른 60계랑 비교해서 맛 그저그럼.
약속된 시간에 픽업갔는데 10분 넘게 기다림. 늦는다는 안내 없었고 지연에 대한 사과 없었음. 배달하러 오신 기사님들도 계속 대기 중. 기사님들 답답하신지 언제 나오냐고 모두 물어보심.
앞으로 안감.",1,1,0
2023년 8월 11일,"순살 크크크치킨/1,코카-콜라500ml/1",바삭바삭해요 맛잇어용,4,5,4
2023년 8월 9일,크크크치킨/1,"ㅋㅋㅋ치킨맛있네요
내일 태풍이 온다고하는데...
라이더님들 안전운전하세요!
사장님도 내일 바쁘실텐데 힘내세요",5,5,5
2023년 8월 6일,순살 크크크치킨/1,"우리집 강아지가 좋아해요
내껀데...",5,5,5
2023년 8월 5일,크크크치킨/1,"유명한 크크크 바짝튀긴 후라이드보다
더 바삭하고 맛있어요
시간지나도 맛있어요 ㅋㅋㅋ",5,5,5
2023년 8월 4일,크크크치킨/1,"조카가 하도 사달라고 해서 시켰는데
바삭바삭하니 맛있네영",5,5,5
2023년 8월 2일,"크크크치킨/1,다리 6조각/1(다리선택(후라이드 다리6조각))","다리 6개를 시켰는데 이런게 왔어요. 크크크치킨이 넘 맛나서 다시 온건데, 같이 주문한 후라이드가 너무 작고 맛이 없습니다. 기름냄새가 고약한데, 어제 튀겨둔거 다시 튀긴듯 질기고 냄새가 심합니다. 사진은 안먹은 치킨입니다. 대부분 상태가 이러합니다. 
환불 연락준다고 했는데 이틀째 연락이 없네요. 부디 다른 지점 시키시고 다리6개는 주문하지 마세요.",1,1,0
2023년 7월 27일,크크크치킨/1,"진짜 바삭바삭하고 짭짤해서 맛있어요!!!
포장했는데 시간도 딱 맞춰주시고 맛있게 튀겨쥬셔서 감사해요~",5,5,0
2023년 7월 26일,크크크치킨/1,배달 빨리 왔어요~ 전에 먹었던 크크크보다 뭔가 맛이 아쉬웠어여 ㅠ,4,5,5
2023년 7월 16일,"크크크치킨/1,고추치킨/1",솔직히 다른 지점보다 ㅋㅋㅋ치킨이 좀 싱거운 것 같은.,4,4,4
2023년 7월 11일,간지치킨/1,두근두근하네요~~!!!,5,5,0
2023년 7월 3일,크크크치킨/1,맛있어요ᆢ소스가 끝내줍니다ᆢ,5,5,5
2023년 7월 3일,크크크치킨/1,잘 먹고있어요~~^^ 기름 쫙 빼주셔서 감사해용,5,5,5
2023년 7월 2일,크크크치킨/1,잘먹었습니다 맛있어요,5,5,5
2023년 6월 30일,크크크치킨/1,맛있어요~~~~~~,5,5,5
2023년 6월 23일,순살고추 치킨/1,늘 고추치킨 먹는데 늘 맛있어요!,5,5,5
2023년 6월 19일,크크크치킨/1,요즘가격치곤 그래두 괞춘,4,4,5
2023년 6월 18일,"크크크치킨/1,크크크소스/1",크크크 첨먹어봤는데 최애치킨 됨.,5,5,5
2023년 6월 18일,"순살 크크크치킨/1,웨지감자/1,코카-콜라1.25L/1","맛은 그냥 그렇고, 과대광고였내요 크크크",3,4,2
2023년 6월 17일,순살 크크크치킨/1,"순살 주문했는데 뼈치킨이랑 섞여 있네요.순살이라고 생각하고 먹던 자녀가  황당해 하네요.
아이 먹을거라 순살주문한건데, 추가요금 지불하며 순살을 왜시킬까요?",3,4,5
2023년 6월 11일,순살 크크크치킨/1,항상주문하는곳이에요,5,5,5
2023년 6월 10일,크크크치킨/1,바삭바삭 맛있네요~~,5,5,5
2023년 6월 9일,크크크치킨/1,잘먹었습니다 맛있어요..,5,5,5
2023년 6월 1일,"크크크치킨/1,간지치킨/1,고추치킨/1",맛나게 잘 먹었습니다.,5,5,5
2023년 5월 29일,"콤보（윙,봉,다리）/1(콤보선택(간지 콤보))",항상 맛잇어요~~~~ㅎㅎ,5,5,0
2023년 5월 22일,순살간지 치킨/1,마늘맛 많이나고 진짜 맛있어요ㅜㅜㅜ,5,5,5
2023년 5월 21일,순살후라이드/1,"나눠서 먹으려 했는데 다먹었네요
기본 후라이드가 맛있어서
양념도 궁금합니다",5,5,5
2023년 5월 20일,"봉 15조각/1(봉선택(호랑이 봉 15조각)),떡볶이/1",예상시간보다 일찍 도착했고 언제나 맛있습니다 ^^,5,5,5
2023년 5월 13일,순살 크크크치킨/1,바삭하고 맛있어요!,5,5,5
2023년 5월 1일,"크크크치킨/1,콘마요소스/1",정말 맛있게 잘 먹었습니다,5,5,5
2023년 4월 22일,"순살 크크크치킨/1,미니쫀득볼（10개）/1,코카-콜라1.25L/1",맛있게 잘 먹었습니다.,5,5,5
2023년 4월 21일,크크크치킨/1,항상주문하는곳이에요,5,5,5
2023년 4월 9일,다리 6조각/2(다리선택(고추 다리 6조각)),"맛있어요
하나만 먹어본다는게 다 비우고서야  사진을 찍었네요",4,4,4
2023년 4월 1일,"크크크치킨/1,마늘똥집튀김/1,멘보샤（10개）/1,크크크소스/1,콘마요소스/1","딸과 제가 2틀3일에 한번 지금 크크에 맛들려 3번째 주문요~~정말 맛있어요~~!진짜요!근데 이번은 아니네요~~ㅜㅜ완전 식은걸 먹었어요..똥집 멘보샤 크크치킨까지ㅜ 똥집과멘보샤 첨먹었는데...,문앞두고 문자라고 되있었고요...초인종은 아니지만...덕분에  다식은걸 먹었네요..왜이리 안오지? 너무안오는데 하고있는데 혹시나하는맘에 문앞보니 와있네요..진짜 글안쓰는데 기분이 너무 안좋아 씁니다..맛은 정말 맛있어요 ㅜㅜ",5,5,1
2023년 3월 30일,"크크크치킨/1,더매운고추치킨/1,코카-콜라1.25L/1",오랜만에 먹는데 여전히 맛있고 신메뉴도 엄청 고소하고 바삭거려서 정말 잘 먹었습니다~~^^,5,5,5
2023년 3월 30일,크크크치킨/1,처음시켜봤는데맛있었어요,5,5,5
2023년 3월 26일,"크크크치킨/1,쫀득치즈볼（5개）/1,똥집튀김/1,크크크소스/1,콘마요소스/1",오랜만에 치킨을 시킨건데.. 원래 양이 이렇게 많나요.? 너무너무 맛있고 끝없이 나오는 치킨이.. 미쳤네요 크크크치킨 존맛..,5,5,5
2023년 3월 23일,멘보샤 엔 순살（코카콜라）/1(순살선택(간지 순살)),항상 잘 먹고 있습니다,5,5,5
2023년 3월 20일,"크크크치킨/1,웨지감자/1","크크크 치킨
바삭하거 맛있어요.",4,5,5
2023년 3월 18일,"간지치킨/1,웨지감자/1",가게에서 일하다가 시켜먹는데 힘든게 잊혀질정도로 너무 맛있게 잘먹었습니다~!! 환절기 감기 조심하세요 감사합니다!,5,5,5
2023년 3월 16일,"순살 크크크치킨/1,크크크소스/1,콘마요소스/1",가족끼리 먹었는데 진심 맛 있어요 바삭하고 맛도 좋고 진짜 짱 ~~~  이런 치킨이 왜 이제 나왔는지   ㅋ,5,5,5
2023년 3월 14일,순살고추 치킨/1,배달도 빨리와서 엄청 따뜻하게 먹었어요!,5,5,5
2023년 3월 13일,순살 호랑이치킨/1,맛있습니다 어머니도 좋아하세요!,5,5,5
2023년 3월 12일,고추치킨/1,"항상 시키는 메뉴입니다
넘맛있게 잘먹었습니다^^",5,4,5
2023년 3월 6일,"순살 크크크치킨/1,치킨 무/1,양념소스/1","크크크순살치킨 굿굿 

배달예상시간보다ㅡ훨씬늦었네요",5,5,5
2023년 3월 2일,간지치킨/1,"세상에서 가장 좋아하는 치킨브랜드!! 가격이 좀 무섭지만
그만큼 맛있는 치킨입니다!!",5,5,5
2023년 2월 25일,6초치킨/1,땀나는 맛이지만 너무 중독성있어요 ㅎ,5,5,5
2023년 2월 17일,"콤보（윙,봉,다리）/1(콤보선택(후라이드 콤보)),양념소스/1",맛있게 잘먹었습니다,5,5,5
2023년 2월 10일,"다리 6조각/1(다리선택(양념 다리 6조각)),다리 6조각/1(다리선택(간지 다리 6조각)),콘마요소스/1,치킨 무/2","정말 맛있어요 근데.. 닭다를 반으로 자르니까 문제가 있어요..뼈조각이 엄청 씹혀요ㅠㅠㅠㅠㅠㅠㅠㅠ반으로 자르면서 뼈가 엄청 분해되는것 같은데.....
하....진짜 맛있긴한데 ㅠㅠㅠ 맘놓고 먹질 못할정도로 뼈가 조각난게 너무많이 나와요.. 한입 씹을때마다 작은 뼛조각 씹히고 투입 씹을때마다 작은뼛조각 씹히고...먹는게 넘 힘들어요....이거 닭다리 자르면 안될것같은데요...ㅠㅠ",5,5,5
2023년 2월 7일,"봉 15조각/1(봉선택(호랑이 봉 15조각)),떡볶이/1,치킨 무/1",언제나 짱 맛있는 호랑이 치킨 입니당!!,5,5,5
2023년 2월 5일,순살 크크크치킨/1,바삭하고 짭조름해요,4,4,4
2023년 2월 3일,크크크치킨/1,우아 맛잇어요 빠르고,5,5,5
2023년 2월 1일,크크크치킨/2,맛난 크크크 치킨 먹고 좋았습니다,5,5,5
2023년 1월 29일,"순살 반＋순살 반 선택/1(순살반＋반선택1(순살간지 반),순살반＋반선택2(순살고추 반)),코카콜라1.25L/1,청양마요소스/1",맛있어요 또시켜먹을게요 !,5,5,5
2023년 1월 16일,떡볶이 엔 순살（코카콜라）/1(순살선택(후라이드 순살)),아이들이 다 잘먹어서 친구모임때는 꼭 시켜요~,5,5,5
2023년 1월 7일,"크크크치킨/1,다리 6조각/1(다리선택(후라이드 다리6조각))",항상 좋은맛!! 잘 먹었어요,5,5,5
2023년 1월 1일,크크크치킨/1,아이가 너무 좋아함,5,5,5
2022년 12월 28일,"봉 15조각/1(봉선택(호랑이 봉 15조각)),떡볶이/1,치킨 무/1","단골입니다.
너무너무너무너무 맛있습니다!!
앞으로도 호랑이 계속 먹을게요 ^^",5,5,5
2022년 12월 27일,"봉 15조각/1(봉선택(호랑이 봉 15조각)),떡볶이/1",치킨과 떡볶이 조합이 딱입니다 ㅎㅎ,5,5,5
2022년 12월 26일,크크크치킨/1,바삭바삭하니 맛있습니다~~~,5,5,0
2022년 12월 24일,"순살 크크크치킨/1,양념치킨/1,코카콜라1.25L/1",크크크 치킨 너무깔끔하고 바삭바삭맛있고  양념치킨도 왜이렇게   맛있나요  두마리 시켰는데 콜라도 작은거는 기본으로 하나씩주시고  심지어 무까지 맛있는건 모지? 저희 가족 맛있게 잘먹었습니다 ~^^,5,5,5
2022년 12월 20일,"후라이드/1,떡볶이/1",맛있어요. 금방 닭이사라짐 ㅋ,5,4,3
2022년 12월 18일,"봉 15조각/1(봉선택(호랑이 봉 15조각)),떡볶이/1",단골입니다!! 짱짱 항상 맛있슴니당 ^^,5,5,5
2022년 12월 17일,고추치킨/1,질리지않고 계속 시켜먹게되네요ㅋㅋ,5,5,5
2022년 12월 11일,크크크치킨/1,"정말 크리스피하고
크크크 소리가 나요~~~",5,5,5
2022년 11월 27일,"순살 반＋순살 반 선택/1(순살반＋반선택1(순살고추 반),순살반＋반선택2(순살육육 반))",여전히 맛있습니다 굿,5,5,5
2022년 11월 16일,"콤보（윙,봉,다리）（코카콜라）/1(콤보선택(후라이드 콤보)),양념소스/1",맛있게 잘먹었습니다,5,5,5
2022년 11월 12일,"순살간지 치킨/1,순살고추 치킨/1",혹시 튀긴걸 또 튀기신건가요? 순살 80프로가 너무 퍽퍽해요 ㅠㅠ,4,5,5
2022년 11월 12일,크크크치킨/1,"히밥님 먹는거 보고 시켜서 먹어봤는데 
진짜 말 그대로 “바싹,바싹” 
지금까지 이런 후라이드 치킨은 처음이였네요
새로운맛이 였어요 
너무 맛있게 잘 먹었습니다   리뷰가 조금 늦어졌네요 ㅜㅜ",5,5,5
2022년 10월 30일,"순살 반＋순살 반 선택/1(순살반＋반선택1(순살고추 반),순살반＋반선택2(순살양념 반))","맛
있
어
요",5,5,5
2022년 10월 11일,윙봉24세트/1(윙봉선택(간지 윙봉)),치킨 깨끗하고 배달 빨라요,5,5,5
2022년 10월 7일,순살고추 치킨/1,빨리왔어요 맛있게 먹었어요,5,5,5
2022년 10월 2일,"다리 6조각/1(다리선택(후라이드 다리6조각)),콤보 반＋콤보 반 선택/1(콤보반＋반 선택1(호랑이콤보 반),콤보반＋반 선택2(양념콤보 반)),코카콜라1.25L/1,치킨 무/1",맛있게 잘 먹었습니다.,5,5,5
2022년 9월 28일,"후라이드/1,반마리＋반마리 선택/1(뼈반＋반선택1(호랑이 반),뼈반＋반선택2(더매운고추  반),음료선택(코카콜라1.25L)),떡볶이/1",오랜만에 재주문합니다~~!여전히 맛있고 배달도 잘 왔습니다! 추천메뉴인 호랑이 치킨을 먹어봤는데 단짠단짠하면서 살짝 매콤하니 너무 맛있게 잘 먹었습니다^^ 떡볶이도 여전히 맛있고요!!ㅎㅎㅎ,5,5,5
2022년 9월 25일,"윙 15조각/1(윙선택(호랑이 윙 15조각)),다리 6조각/1(다리선택(호랑이 다리 6조각))",자주먹는집인데 먹었던 치킨중에 제일 맛이 없었어요 오버로튀긴건지 아니면 먹다남은걸 또 튀긴건지 싶을정도로 뭔가 맛이 없었습니다.,1,1,2
2022년 9월 17일,간지치킨/1(음료선택(코카콜라1.25L)),빠르게 배달 되어서 좋았습니다. 혼자 먹기에는 양이 좀 많네요.,4,5,5
2022년 9월 14일,"후라이드/1,양념치킨/1","치킨을 그 자리에서 너무 맛나게 잘 먹어서 제대로 사진이 없네요 ㅠㅠ 

완전 만족입니다",5,5,5
2022년 9월 11일,"순살 호랑이치킨/1,떡볶이/1",배달도 빠르고 맛있어요,5,5,5
2022년 9월 5일,"순살 호랑이치킨/1,떡볶이/1",맛있게 잘 먹었습니다,5,5,5
2022년 8월 15일,"봉 15조각/1(봉선택(호랑이 봉 15조각)),떡볶이/1,치킨 무/1",오늘도 맛있게 먹었습니다 감사합니다 ^^,5,5,5
2022년 8월 10일,"호랑이치킨/1,간지치킨/1","신랑은 별루래요
애들은 잘 먹었네요
양이 좀 적어요 ㅎㅎ",4,4,4
2022년 8월 6일,"봉 15조각/1(봉선택(호랑이 봉 15조각)),쫀득치즈볼（5개）/1,치킨 무/1",60계치킨 언제나 맛있습니다. 그런데 치킨무를 500원 추가해서 주문했는데 한개만 왔네요? 원래 봉 주문할때는 치킨무를 안주시나요? 넉넉하게 먹을려고 하나 추가한건데요 ㅠㅠ 봉이나 다리만 시키면 치킨무가 안오는거면 메뉴에 공지해주시면 주문하는데 도움이 되겠어요 ㅠㅠ,5,5,5
2022년 8월 2일,순살고추 치킨/1,치킨무 두개 시키세요 맛집인정,5,5,5
2022년 7월 30일,호랑이치킨/1,마시써요.. 여기맛있어요,5,5,5
2022년 7월 28일,순살고추 치킨/1,"소스도 적당하고, 맛있게 잘먹었습니다.
다음에 또 주문할게요.
날도 더운데 배달도 빨리왔어요 ^^ 감사합니다.",5,5,5
2022년 7월 26일,"순살 반＋순살 반 선택/1(순살반＋반선택1(순살간지 반),순살반＋반선택2(순살고추 반),음료선택(코카콜라500ml))",언제먹어도 맛있습니다,5,5,5
2022년 7월 25일,"순살간지 치킨/1,호랑이웨지감자/1,떡볶이/1",치킨 맛있게  잘 먹고 웨지감자랑 떡볶이 양 어마하네요. 떡볶이 마늘 좀 적게 넣으셔도 될 듯요~^^,5,5,5
2022년 7월 18일,간지치킨/1,잘먹었습니다 맛있어요,4,4,4
2022년 7월 15일,간지치킨/1,"따뜻하게 먹을 수 있게 빨리
배달해 주셔서 감사합니다. 
그리고 사장님의 서비스에 감동 만땅입니다!! 
대박나세요. 또 주문할게요~~",5,5,5
2022년 7월 10일,후라이드 반＋반마리선택/1(반마리선택(6초치킨 반)),"역쉬
.치킨은 60계치킨   반반 후라이드와 6초치킨  6초는 먹고나서 반응이 오나  6초이상 걸림  그래도 나쁘지않고 맛있게 먹었어요  다음에.다른맛으로 도전",5,5,5
2022년 7월 9일,"후라이드/1(음료선택(코카콜라1.25L)),반마리＋반마리 선택/1(뼈반＋반선택1(간지 반),뼈반＋반선택2(고추 반)),웨지감자/1,떡볶이/1",처음 시켜먹는곳인데 기대이상으로 좋습니다!! 특히 간장양념의 치킨들은 너무 맵거나 짜지도 않고 딱 단짠단짠의 정석이랄까요ㅋㅋㅋ다른 사이드메뉴들도 정말 맛있어요!! 떡볶이는 부모님도 정말 잘드셨습니다~~다음에 시킬때는 신메뉴도 같이해서 먹어보고 싶네요ㅎㅎㅎ 감사합니다!,5,5,5
2022년 6월 24일,순살간지 치킨/1,"음식은 역시나 맛있어요. 배달이 예상시간을 10분가량 오바했네요ㅡㅡ
나머진 좋아요~맛있습니다!",5,5,4
2022년 6월 13일,"콤보（윙,봉,다리）/1(콤보선택(고추 콤보)),햇반/1",치밥 먹으니 너무 맛있네요 감튀까지 맛있게 잘 먹었습니다,5,5,5
2022년 6월 12일,"콤보（윙,봉,다리）/1(콤보선택(후라이드 콤보)),웨지감자/1,청양마요소스/1",소스 잘 받았습니다. 치즈볼도 잘 받았습니다 후라이드도 아이들 입맛에는 매울수 있는데 60계치킨도 그런말없이 맛있다고 정말 잘 먹네요,5,5,5
2022년 6월 4일,고추치킨/1,예약시간보다 일찍 나와있어서 좀 많이 눅눅해져 있었던게... 좀 함정~_~;;,4,4,0
2022년 6월 4일,"후라이드/1,청양마요소스/1",잘 먹었습니다 ㅎㅎ 다음에는 뼈를 먹어보고싶네요,5,5,5
2022년 5월 30일,순살 육육치킨/1(음료선택(코카콜라1.25L)),정말 맛있구요. 서비스까지 줘서 좋았습니다^^,5,5,5
2022년 5월 28일,,너무 빨리 배달이 와서 깜짝 놀랐습니다. 바삭한 후라이드! 맛있습니다~!!,5,5,5
2022년 5월 23일,호랑이치킨/1,감사합니다 맛있게 먹었어요~,5,5,5
2022년 5월 20일,고추치킨/1,배달빠르고 맛있어요~,5,5,5
2022년 5월 16일,순살 육육치킨/1,"신제품 육육순살치킨 넘 달고 넘짜요.
그리고 포장주문해서 시간맞춰서
매장 방문하였으나 매장에서 40분이상
더 기다렸고 더구나 음식을 제가 주문한
제품이 나와서 탁자에 놓여줘있는데도
직원은 나온줄도 모르고 있다가 뒤늦게
보고서 나온줄 몰랐다고 하면서 제품을
건네줘서 집에와서 열어보니 식어서
맛이 없었습니다.
추천안하고 싶은 매장이네요.",1,2,0
2022년 5월 16일,"콤보（윙,봉,다리）（코카콜라）/1(콤보선택(후라이드 콤보))","너무 맛있게 먹었어요~
담에 또 시켜먹을꺼예요~^^",5,5,5
2022년 5월 8일,"간지치킨/1(음료선택(코카콜라1.25L)),똥집튀김/1","제 입맛에는 간이 조금 강하지만 맛있었어요!!
튀김옷도 바삭바삭, 양념도 잘 어우러져있고 기름도 안떨어져서 너무 좋았어요~~~",5,5,5
2022년 5월 8일,육육치킨/1,맛있게 잘 먹었습니다,3,2,0
2022년 5월 8일,,빠른 배달 감사합니다.,5,5,5
2022년 5월 8일,"후라이드 순살 반＋순살 반 선택/1(순살반마리선택(육육순살 반),음료선택(코카콜라1.25L))",배달 시간 20분 지나서 옴. 옆구리에 양념 다 쏟아져서 옴,5,5,1
2022년 4월 24일,,맛있게 잘 먹었어요 또 시킬게요~,5,5,5
2022년 4월 24일,,맛있어요~ 잘 먹었습니다 ~,5,5,5
2022년 4월 13일,,즐겨먹는 간지치킨입니가. 따뜻하게 먹을 수 있게 빨리 배달해 주셨어요.,5,5,5
2022년 4월 10일,"후라이드/1,순살 반＋순살 반 선택/1(순살반＋반선택1(순살고추 반),순살반＋반선택2(순살육육 반))",배달만 빠르네요.  후라이드시켰는데 순살오고....60계 이정도 까지 아니었던것같은데 맛이....,1,1,5
2022년 4월 6일,똥집튀김/1,주문이 중간에 변경되었지만 맛있게 잘 먹었어요,5,5,0
2022년 4월 2일,윙봉24세트/1(윙봉선택(호랑이 윙봉)),호랑이 치킨이 생각 날때가 있어요~~애들이 좋아하네요^^,4,4,4
2022년 3월 27일,"반마리＋반마리 선택/1(뼈반＋반선택1(호랑이 반),뼈반＋반선택2(고추 반))",너무너무 맛있게 먹었어요 ^^,5,5,5
2022년 3월 22일,"순살 반＋순살 반 선택/1(순살반＋반선택1(순살양념 반),순살반＋반선택2(순살호랑이 반))",주문하고  1시간 30분도 넘어 도착했어요,4,4,1
2022년 3월 22일,"후라이드/1,양념똥집튀김/1",맛있습니다. 배달도 빠르구요.,5,5,5
2022년 3월 19일,후라이드 반＋반마리선택/1(반마리선택(양념치킨 반)),좋아요 좋아요 좋아옂 알,5,5,5
2022년 3월 9일,"다리 6조각/1(다리선택(후라이드 다리6조각)),콤보（윙,봉,다리）/1(콤보선택(양념 콤보))",늘 맛있어요 여기서만 시켜먹어요,5,5,0
2022년 3월 8일,"반마리＋반마리 선택/1(뼈반＋반선택1(호랑이 반),뼈반＋반선택2(양념 반))",질리지 않아요 맛있게 잘먹었어요,5,5,3
2022년 3월 8일,"호랑이치킨/1,간지치킨/1",맛있네요 호랑이 약간 라면스프맛 같기도 하고 ㅎㅎ,5,5,5
2022년 3월 3일,"반마리＋반마리 선택/1(뼈반＋반선택1(간지 반),뼈반＋반선택2(호랑이 반)),윙 15조각/1(윙선택(new장스 윙 15조각))",언제나 최고입니다!!!,5,5,5
2022년 3월 1일,"간지치킨/1,고추치킨/1,떡볶이/1","어제

고추치킨과 간지치킨

떡볶이까지!!!!

믿고 먹는 60계치킨!!

고추치킨 강추강추!!!!!

떡볶이 첨 시키는데 욀케 맛있나요!!!!

다 맛있는 완소치킨집~

담엔 감튀써비스주세욤~♡",5,5,5
2022년 2월 27일,"호랑이치킨/1,간지치킨/1","잘 먹었습니다
맛있었어요
배달이 조금 늦었지만",5,5,4
2022년 2월 24일,"후라이드 콤보 반＋콤보반 선택/1(콤보반 선택(양념콤보 반)),후라이드 콤보 반＋콤보반 선택/1(콤보반 선택(호랑이콤보 반))","아이들이 후라이드 콤보 좋아해서 자주먹는데 60계는 처음인데 맛있대요
저는 호랑이 콤보가 넘 색달라 맛있더라구요
후라이드반반 콤보로 시키니까 골고루 먹을수있어요
양념도 애들 먹기 좋아요 
호랑이는 단짠맵이네요 
맥주안주똭~입니다~",5,5,5
2022년 2월 13일,호랑이치킨/1,"배달이 생각보다 빠르게왔어요 뜨끈뜨끈~
남편이 잘먹어요",5,5,5
2022년 2월 12일,"후라이드 순살 반＋순살 반 선택/1(순살반마리선택(양념순살 반)),사이다 355ml/1",1시간 40분이 지나도록 치킨은 안오니 맛도 양도 알 수가 없습니다. 배달기사는 본인이 제대로 주소 확인했고 벨도 눌렀다고 우기더니 결국 잘못 배달했다고 다시 전화오네요. 배달사고가 음식점 잘못은 아니지만 다시는 주문 안합니다.,1,1,1
2022년 2월 7일,윙봉세트/1(윙봉선택(호랑이 윙봉)),호랑이치킨 미쳤어요👍🏻ㅎㅎㅎㅎㅎ,5,5,5
2022년 2월 6일,순살고추 치킨/1,생각보다 30분 일찍 도착. 고추 들어 있지만 맵지 않고 깔끔합니다~~,5,5,5
2022년 2월 6일,순살더매운고추 치킨/1,Cuvgjjkgjg,5,5,5
2022년 2월 1일,"순살 반＋순살 반 선택/1(순살반＋반선택1(순살호랑이 반),순살반＋반선택2(순살더매운고추  반))",잘먹었~~~~~~~~~습니다,5,5,5
2022년 1월 31일,"순살간지 치킨/1,순살고추 치킨/1",60계치킨 처음인데 맛있네요,5,5,0
2022년 1월 29일,호랑이치킨/1,배달은 빨랐는데 좀 덜 바삭하고 평소보다 감자가 적었어요,5,5,5
2022년 1월 23일,"반마리＋반마리 선택/1(뼈반＋반선택1(호랑이 반),뼈반＋반선택2(양념 반)),다리 6조각/1(다리선택(간지 다리 6조각))","호랑이 , 간지, 양념 다 맛있네요
맛있게 잘 먹었습니다 ^^",5,5,5
2022년 1월 20일,호랑이치킨/1,재주문률2000000%,5,5,5
2022년 1월 17일,간지치킨/1,맛있습니다. 소소한 사은품도 받으니 기분 좋네요,5,5,5
2022년 1월 16일,순살 호랑이치킨/1,맛있어서 이번엔 순살로 시켰더니 먹기편해 좋았어요,4,4,3
2022년 1월 15일,순살고추 치킨/1,맛있게 잘먹었습니다,5,5,5
2022년 1월 14일,"후라이드 반＋반마리선택/1(반마리선택(고추치킨 반)),미니쫀득볼（10개）/1,떡볶이/1",흠.. 지난번에 시킨게 맛있어서 다시 시켰는데 튀김옷때문인지 후라이드가 바삭하지 않았어요...아쉬웠어요,3,5,5
2022년 1월 13일,순살 호랑이치킨/1,맛있게 잘 먹었습니다..,5,5,5
2022년 1월 8일,호랑이치킨/1,"호랑이치킨 맛있어요, 배달도 빠르고",5,5,5
2022년 1월 2일,양념치킨/1,"빠른 배송과 존맛은 합작
설마 하고 한입 하다 입천장 타는줄..good 입니다",5,5,5
2022년 1월 2일,,"소스가 안와서 전화 드렸는데 알바분이 받으신건지 대책은 없고 제가 듣기엔 성의 없이 그냥 네 죄송합니다만 하시더라고요
뭔가 씁쓸한 기분이였네요
그래두 동네 가게인데 번창했음 하는 바램에서 별은 다섯개 드려요
다음엔 꼭 잘 좀 부탁드립니다.",3,5,5
2022년 1월 1일,간지치킨/1,맛있습니다. 주문이 많은지. 배달 시간이 좀 걸리네요.,5,5,4
2022년 1월 1일,"후라이드/1,웨지감자/1,생맥주 1,000cc/1",단체 간식으로 시켰는데 아주 만족 스럽습니다.,5,5,5
2022년 1월 1일,"후라이드 윙봉 반＋윙봉 반 선택/1(윙봉반 선택1(더매운고추윙봉  반)),쫀득치즈볼（5개）/1","고추는 그나마 먹을만하네요.치즈볼도.근데 31일에 주문한게 잘못이겠죠..2시간넘게 걸려 도착한 치킨..ㅠㅠ
바삭한 치킨이 아니고 치킨죽같아요.그나마 양념된 고추라 먹을만했구요.맵기는 제입에 많이 맵진 않아요.
아무튼 후라이드느는 별로입니다.다음날 아침까지 속이 니글거림.",2,3,1
2021년 12월 31일,"반마리＋반마리 선택/1(뼈반＋반선택1(호랑이 반),뼈반＋반선택2(간지 반))",배달 속도 최악(5곳에서 젤 빨리 주문했는데 젤 늦게옴) 닭강정인지 튀김옷만 잔뜩. 친구가 추천해서 시켰는데 최악임.,1,4,1
2021년 12월 31일,,요청사항도 꼼꼼히 봐주시고 배달도 빨라요 감사합니다,5,5,5
2021년 12월 30일,,.,5,5,5
2021년 12월 30일,"콤보（윙,봉,다리）/1(콤보선택(고추 콤보))",고추치킨 맛있습니다,5,5,5
2021년 12월 29일,코카콜라1.25L&호랑이치킨&피자볼/1,맛있게 잘먹었습니다,4,4,4
2021년 12월 29일,후라이드/1,맛있게 잘먹었습니다,4,4,5
2021년 12월 29일,코카콜라1.25L&호랑이치킨&피자볼/1,흥 잡을데가 없도다,5,5,5
2021년 12월 26일,순살 호랑이치킨/1,진짜 맛있네요~!!,5,5,5
2021년 12월 26일,"반마리＋반마리 선택/1(뼈반＋반선택1(간지 반),뼈반＋반선택2(고추 반))","배달이 너무 오래 걸리긴 했지만, 맛과 양이 너무 좋아요!~",5,5,4
2021년 12월 25일,"윙봉세트/1(윙봉선택(후라이드 윙봉)),고추치킨/1,치즈스틱/1,코카콜라1.25L/1,치킨 무/1,고추냉이마요소스/1","조금 식어서 오긴했지만 날이 워낙 추어서 
구래도 휴일에 빨리 온편이라고 생각합니다",4,5,4
2021년 12월 23일,"봉 15조각/1(봉선택(간지 봉 15조각)),다리 6조각/1(다리선택(후라이드 다리6조각))",넘맛있어요!!간지치킨맛있어요,5,5,5
2021년 12월 23일,"콤보（윙,봉,다리）/1(콤보선택(new장스 콤보)),콤보（윙,봉,다리）/1(콤보선택(간지 콤보))","치킨 시켜먹을때마다 여기서만 시켜먹어여
존맛탱임",5,5,5
2021년 12월 11일,양념치킨/1,굿이네요  맛있고 배달빠르고  아쉬운게  있다면  무가좀   아쉽네요  싱싱하지  않은것  같아요~~^^,5,4,4
2021년 11월 23일,순살고추 치킨/1,고추치킨 소스를 여기가 제일 잘 주는거같아요 맛있게 잘먹었습니다,5,5,5
2021년 11월 19일,호랑이치킨/1,맛있게 잘먹었습니다,4,5,5
2021년 10월 31일,"순살 호랑이치킨/1,포테이토 치즈스틱（3개）/1,호랑이치즈볼（5개）/1,쫀득치즈볼（5개）/1,호랑이웨지감자/1,웨지감자/1,팝콘만두/1,코카콜라1.25L/1",요즘 60계치킨만 먹어요. 맛있어요,5,5,5
2021년 10월 31일,"콤보（윙,봉,다리）/1(콤보선택(양념 콤보)),쫀득치즈볼（5개）/1,치킨 무/1",60계 양념 진짜 맛있어요.,5,5,5
2021년 10월 31일,"윙봉세트/1(윙봉선택(간지 윙봉)),마요네즈소스/2","배고팠는데 배달이 엄청 빨라서 감사했어요ㅜㅜ

똥손이라 사진은 좀 잘못찍었지만..ㅋㅋ

평소 아이가 음식을 잘 안먹는데 치킨 너무 맛있다며 많이 먹어서 기분이 좋네요 :)

또 시켜먹을게요 사장님!!콜라감사해요!!",5,5,5
2021년 10월 25일,간지치킨/1,배달빠르고 맛도쵝오~,5,5,5
2021년 10월 18일,"콤보（윙,봉,다리）/1(콤보선택(new장스 콤보)),콤보（윙,봉,다리）/1(콤보선택(간지 콤보))",맛있었어요 번창하세여,5,5,5
2021년 10월 17일,"순살 반＋순살 반 선택/1(순살반＋반선택1(순살new장스 반),순살반＋반선택2(순살간지 반))",순살도 양이 푸짐하고 맛있어서 항상 믿고 먹어요♡,5,5,5
2021년 10월 17일,"콤보（윙,봉,다리）（코카콜라）/1(콤보선택(후라이드 콤보)),미니쫀득볼（10개）/1,멘보샤（10개）/1",요즘  한마리다못먹는데  싹 비웠어요,5,5,5
2021년 10월 15일,호랑이치킨/1,감자 대신 떡을 넣어주셨는데 쫄깃쫄깃하니 매력있네요. 너무 맛있게 먹었습니다~ 짱짱 ^^,5,5,5
2021년 10월 15일,"봉 15조각/1(봉선택(간지 봉 15조각)),윙 15조각/1(윙선택(고추 윙 15조각))",배달도 예정보다 빨랐고 맛은 늘 맛있네요💕,5,5,5
2021년 10월 15일,"윙봉세트/1(윙봉선택(간지 윙봉)),쫀득치즈볼（5개）/1","배달도 빠르고
맛나게 잘먹었습니다 ^^",4,4,4
2021년 10월 8일,"호랑이치킨/1,쫀득치즈볼（5개）/1","60계 치킨은 처음!
궁금증을 못이기고 먹다 찍었음
핫하다는 호랑이 치킨
달고 짧조롬. 닭고기도 맛있고 치즈볼도 괜찮!
신랑은 라면스프맛이 난다고 하는데...
듣고보니 스프에 설탕? ^^  그래도 맛나게 잘 먹었습니다",4,5,5
2021년 10월 8일,"후라이드 반＋반마리선택/1(반마리선택(양념치킨 반)),쫀득치즈볼（5개）/1,치킨 무/1",배송도 빠르고 치킨도 맛있어요.,5,5,5
2021년 10월 7일,"반마리＋반마리 선택/1(뼈반＋반선택1(호랑이 반),뼈반＋반선택2(new장스 반))",장스보다는 호랑이 가 맛있네요,5,5,0
2021년 10월 5일,"콤보（윙,봉,다리）（코카콜라）/1(콤보선택(후라이드 콤보)),콤보（윙,봉,다리）（코카콜라）/1(콤보선택(양념 콤보)),쫀득치즈볼（5개）/1","울집에서 튀겨주신거죠 
정말 뜨꺼운 치킨 넘맛있게 호호 불어가며 잘먹었습니다",5,5,5
2021년 10월 2일,"호랑이치킨/1,봉 15조각/1(봉선택(후라이드 봉15조각))",미시다하이마시디마시다,5,5,5
2021년 10월 2일,"윙봉세트/1(윙봉선택(간지 윙봉)),떡볶이/1,코카콜라1.25L/1",저희집 정말 간지치킨 좋아해서 애용하고 있습니다. 떡볶이도 전에 시켜먹은 적이 있는데 오늘은 정말 아닌듯...두번 끓인것 처럼 흐물흐물.. 과장하면 죽느낌. 맛도 이상하고.. 물부어서 다시 끓인것 처럼.. 게다가 탄내... 맛도.. 너무 싱겁고 무슨맛인지 애매... 사장님 오늘 떡볶이 정말 이상했습니다 ㅠㅠ,1,5,4
2021년 9월 29일,호랑이치킨/1,"호랑이치킨 맛은 뿌링클에 좀더 단짠단짠 느낌이에요 
어제 먹었는데 약간 또 땡기긴 하네요 단짠이라",5,5,5
2021년 9월 24일,호랑이치킨/1,"실수로 포장으로 주문했는데 신속하게 다시 배달 시켜주셔서 따뜻한 상태로 왔어요! 치즈볼도 서비스로 주시고 너무 감사합니다
 잘먹겠습니다",5,5,0
2021년 9월 20일,순살후라이드/1,"일부러 악평 남기려고 주문한거 아닙니다
타사에비해 바삭함이 없고
싱겁게 먹는제가 순살치킨이 무슨맛인지 모를정도 였습니다.
눅눅한 튀김먹는 느낌이랄까
다른 메뉴는 어떤지 모르겠습니다만
이글을 남기는 이유는 한마리를 튀기더라도 초심을 잃지않고 최고의 맛을 항상 유지하는 그란 사장님이 되시라고 하는겁니다
번창하시길 바랍니다",2,5,5
2021년 9월 13일,"반마리＋반마리 선택/1(뼈반＋반선택1(호랑이 반),뼈반＋반선택2(고추 반))","맛있어요 . 호랑이치킨 처음 시켰는데 괜찮아요
근데 역시 고추치킨이 제일 맛잇음",5,5,5
2021년 9월 12일,"봉 15조각/1(봉선택(양념 봉 15조각)),봉 15조각/1(봉선택(후라이드 봉15조각)),쫀득치즈볼（5개）/1,콜라 1.25L/1,치킨 무/1",60계치킨 맛있게 잘먹었습니다.,5,5,5
2021년 9월 11일,"콤보（윙,봉,다리）/1(콤보선택(양념 콤보))","광고보고 시켰는데
빠른배달
양과질이 겁나게 만족합니다",5,5,5
2021년 9월 5일,"반마리＋반마리 선택/1(반＋반선택(고추 반＋양념 반)),생맥주 1,000cc/1",너무 맛있게 잘 먹었어요~~,5,5,5
2021년 9월 2일,순살양념 치킨/1,맛있게 잘 먹었습니다~!,4,4,3
2021년 8월 31일,순살 호랑이치킨/1,"비오는날이라 살짝 늦었지만
맛잇게 먹습니당. 너무 맛있어용~~",5,5,5
2021년 8월 25일,"순살 호랑이치킨/1,순살후라이드/1",빠른배송 감사합니다,5,5,5
2021년 8월 23일,"호랑이치킨/1,봉 15조각/1(봉선택(고추 봉 15조각))",잘먹었습니다.,5,5,5
2021년 8월 21일,"호랑이치킨/1,웨지감자/1",지난번에 먹어보고 너무 맛있어서 또 주문했는데 비가 와서 그런지 오늘은 치킨이 살짝 눅눅(덜바삭)했어요 그래도 호랑이치킨을 따라올 만한 치킨은 아직 없을듯합니다.,5,5,5
2021년 8월 21일,호랑이치킨/1,배달도 빠르게 와서 맛있게 먹었습니다,5,5,5
2021년 8월 8일,"콤보（윙,봉,다리）/1(콤보선택(간지 콤보))",감사합니다. 잘 먹었습니다.,5,5,0
2021년 8월 7일,"반마리＋반마리 선택/1(반＋반선택(간지 반＋고추 반)),생맥주 1,000cc/1","배달이 너무 오래 걸리는 거 빼고는, 양이나 맛은 좋았어요!!",5,5,4
2021년 8월 7일,"순살 호랑이치킨/1,간지치킨/1,포테이토 치즈스틱（3개）/1",배달이 빠르게 왔고 맛있게 먹었습니다,5,5,5
2021년 8월 7일,"후라이드 반＋반마리선택/1(반마리선택(양념치킨 반)),쫀득치즈볼（5개）/1",60계 양념치킨도 매우 맛있습니다.,5,5,5
2021년 8월 5일,반마리＋반마리 선택/1(반＋반선택(간지 반＋고추 반)),잘먹었습니다 감사합니다,5,5,5
2021년 8월 1일,"후라이드 반＋반마리선택/1(반마리선택(양념치킨 반)),쫀득치즈볼（5개）/1",60계 치킨 아주 맛있습니다.,5,5,5
2021년 7월 30일,반마리＋반마리 선택/1(반＋반선택(고추 반＋장스 반)),"잘먹었습니다
고추치킨이랑 장스치킨
취향에따라 갈리겟지만
고추치킨을 더 맛있게 먹었어요.",5,5,0
2021년 7월 28일,"호랑이치킨/1,양념소스/2","모든 세대가 좋아할 맛이예요^^
양도 많아요~~
저녁식사 시간대인데도 배달도 예정시간보다 빨랐어요~~
감사히 맛있게 먹었어요^^",5,5,5
2021년 7월 27일,"후라이드 순살 반＋순살 반 선택/1(순살반마리선택(장스순살 반)),순살 반＋순살 반 선택/1(순살반＋반선택(순살 간지 반＋고추 반))",맛있는데 요즘 60계도 가격이 꽤 나가네요...,5,5,5
2021년 7월 26일,호랑이치킨/1,오늘도 푸짐하게 주셨네요. 너무 감사히 잘먹었습니다. 번창하세요 ^^,5,5,5
2021년 7월 25일,호랑이치킨/1,"60계 드디어 먹어봣네요ㅋㅋㅋ
하도 맛잇다고 해서 기대하고 먹는데
먼가 그냥그런데?! 이랬는데 어느순간 다먹고 뻥짐…🤣",5,4,5
2021년 7월 24일,"콤보（윙,봉,다리）/1(콤보선택(양념 콤보)),웨지감자/1",아이가  넘  좋아해요,5,5,5
2021년 7월 23일,"봉 15조각/1(봉선택(양념 봉 15조각)),쫀득치즈볼（5개）/1,웨지감자/1,치킨 무/1",60계 치킨 부분육 맛있게 잘 먹었습니다.,5,5,5
2021년 7월 21일,후라이드 반＋반마리선택/1(반마리선택(양념치킨 반)),"배달 시간도 빠르고,
일단 후라이드, 양념 이 너무 맛있네요^^",5,5,5
2021년 7월 20일,순살 반＋순살 반 선택/1(순살반＋반선택(순살 간지 반＋고추 반)),잘먹었습니다 젓가락 요청사항에 체크했는데 다음에는 확인 부탁드려요,5,5,5
2021년 7월 19일,호랑이치킨/1,쁘링클에 매운맛을  더한맛이에요. 맛있어요.,5,5,5
2021년 7월 17일,"순살 호랑이치킨/1,치킨 탕수6/1,쫀득치즈볼（5개）/1,생맥주 1,000cc/1",맛도 좋고 영양가도 좋고 고소해서 좋고 배달도 빠르고 좋습니다.,5,5,5
2021년 7월 16일,호랑이치킨/1,단골입니다. 호랑이는 먹을때마다 너무 맛있네요. 번창하세요 ^^,5,5,5
2021년 7월 15일,"순살 호랑이치킨/1,봉 15조각/1(봉선택(6초 봉 15조각))","맛은 항상 먹던거라 맛있었어요..
근데.. 2개째 먹을라는 찰나... 보이는 이것은.ㅠㅠ
첨이네요.. 치킨에서 머리카락 나온거는요..
모.. 사람이 하는일이니.. 앞으로 쩜만 더 주의해달라고 별 하나 뺍니다 ㅠㅠ",5,5,5
2021년 7월 13일,6초치킨/1,양이 좀 적은듯해 아쉽니다. ㅋ 맛있어서 여기만 이용하고 있습니다,5,3,5
2021년 7월 10일,"콤보（윙,봉,다리）/1(콤보선택(고추 콤보))",캬 진짜 맛있게잘 먹었습니다,5,5,0
2021년 7월 10일,"후라이드 반＋반마리선택/1(반마리선택(양념치킨 반)),쫀득치즈볼（5개）/1",맛있게 잘 먹었습니다.,5,5,5
2021년 7월 9일,호랑이치킨/1,조금 매콤했지만 맛있었어요,5,5,5
2021년 7월 9일,고추치킨/1,고추치킨 오랜만에 먹는데 넘 맛있었써요,5,5,5
2021년 7월 7일,호랑이치킨/1,배달이 넘나 빨라서 깜짝 놀랬어요 호랑이치킨이야 말해무엇해요 짱 맛있어요 굿,5,5,5
2021년 7월 6일,후라이드 반＋반마리선택/1(반마리선택(양념치킨 반)),바삭하니 맛있네요~,5,5,5
2021년 7월 5일,순살간지 치킨/1,오늘은 너무 바삭하게 튀겨져서 아쉽  ㅜ,5,5,5
2021년 7월 4일,"후라이드 반＋반마리선택/1(반마리선택(양념치킨 반)),쫀득치즈볼（5개）/1",60계 치킨 맛있게 잘먹었습니다.,5,5,5
2021년 7월 3일,윙 15조각/1(윙선택(후라이드 윙15조각)),"윙 부분을 좋아해서
60계 윙 포장 주문했어요
60계는 윙만 따로 팔아 좋은것 같아요
비도 많이오고 집 가까이라 
포장주문했는데
기다리지않아 참 편리하네요
맛있게 잘 먹었습니다^^",5,5,0
2021년 6월 27일,"봉 15조각/1(봉선택(양념 봉 15조각)),봉 15조각/1(봉선택(후라이드 봉15조각)),치킨 무/2",60계 치킨 맛있게 잘먹었습니다.,5,5,5
2021년 6월 17일,후라이드/1,닭에서 비린냄새가 심하게 나요.오래된 느낌이에요,1,1,1
2021년 6월 17일,"순살 반＋순살 반 선택/1(순살반＋반선택(순살 간지 반＋양념 반)),테라 병/1",맛있어요 얌얌~♡♡♡,5,5,5
2021년 6월 13일,호랑이치킨/2,맛나용~~~~~^^,5,5,5
2021년 6월 9일,후라이드 반＋반마리선택/1(반마리선택(양념치킨 반)),맛있게 잘 먹었습니다.,5,5,5
2021년 6월 7일,순살 호랑이치킨/1,배달은 빨리 왔는데 소스만 많고 정작 치킨은 별로~.,2,1,4
2021년 6월 6일,"순살 반＋순살 반 선택/1(순살반＋반선택(순살 간지 반＋장스 반)),콤보（윙,봉,다리）/1(콤보선택(후라이드 콤보))",언제나 60계 화곡점 치킨은 맛있네요..딸내미는 맛있다며 계속 먹고 있네요..,5,5,5
2021년 6월 5일,호랑이치킨/1,"호랑이는 매번 먹을때마다 만족합니다 ^^
번창하세요~~",5,5,5
2021년 5월 30일,"봉 15조각/1(봉선택(양념 봉 15조각)),봉 15조각/1(봉선택(후라이드 봉15조각)),치킨 무/2",60계 치킨 맛있어요.,5,5,5
2021년 5월 29일,"콤보（윙,봉,다리）/1(콤보선택(후라이드 콤보))",시장닭같은 맛이에요. 양이 정말 많아서 굿!!! 다만 좀 짜요.,4,5,5
2021년 5월 29일,호랑이치킨/1,맛있어요 애 입맛에는 좋은듯 하나 어른입맛엔 좀 달고 달달한 라면 수프같은 맛 시즈닝도 듬뿍 뿌려주시고 센스는 좋으시나 전화통화는 좀 불편했네요 10분은 걸어가야하는 거리가 포장으로 주문걸려서 다시 시켰는데 ㅋ 통화하는 음성ㅇㅣ 상당히 불쾌한 ㅋ 치킨만 보고 별 5개 드림,5,5,5
2021년 5월 29일,호랑이치킨/1,치킨도 맛있었고 요청대로 시즈닝 많이 주셔서 감사합니다,5,5,5
2021년 5월 23일,"후라이드 반＋반마리선택/1(반마리선택(양념치킨 반)),쫀득치즈볼（5개）/1",맛있게 잘 먹었습니다.,4,4,4
2021년 5월 22일,후라이드/1,맛나게잘먹었습니다ㆍ순날부분은 살짝 심심 ㅋ,4,4,5
2021년 5월 20일,6초치킨/1,6초뒤 매움이 전해지네요 ㅋㅋㅋ 맛나요,4,4,4
2021년 5월 16일,"봉 15조각/1(봉선택(양념 봉 15조각)),봉 15조각/1(봉선택(후라이드 봉15조각)),쫀도그/1,치킨 무/2",60계 치킨 맛있게 잘 먹었습니다.,5,5,5
2021년 5월 15일,"호랑이치킨/1,쫀득치즈볼（5개）/1","호랑이치킨 처음 먹어봐요~ 후레이크와마늘조합이 너무좋은데요.완전 맛있게 먹었어요^^
양념도 엄청 많이 넣어주셔서 듬뿍듬뿍 얻져 먹었어요.
치즈볼도 쫜득~ 고소해요. 맛있게 잘 먹었습니다^^",5,5,5
2021년 5월 15일,"호랑이치킨/1,콜라 1.25L/1","조또리노 맛났으요. 
호랭이 어흥치킨 존맛탱",5,5,5
2021년 5월 15일,호랑이치킨/1,언제나 맛나요!!!,5,5,5
2021년 5월 14일,호랑이치킨/1,닭이 작다작다 말은 많은데 음... 작기도 작고 제가 선호하는 크기는 아니네요 그래도 시즈닝이랑 닭자체는 진짜 맛있어요,5,4,5
2021년 5월 13일,순살 호랑이치킨/1,요새 호랑이 치킨 많이 먹길래 주문해봤는데 독특하고 맛있네요! 바삭매콤달짝!,5,5,5
2021년 5월 10일,호랑이치킨/1,"잘먹었습니다
닭은 살짝 작은데
웨지감자가 기본으로 있어서
1닭 못해요
시즈닝이 맛있어요",5,5,0
2021년 5월 4일,호랑이치킨/1,약간달긴합니다.. 그래도 먹을만해요,4,5,4
2021년 4월 30일,호랑이치킨/1,"너무 맛있어요!!!
항상 먹지만 또 먹고싶은 맛이예요!!
번창하세요",5,5,5
2021년 4월 30일,"호랑이치킨/1,고추치킨/1,똥집튀김/1","지난번 호랑이치킨 맛있어서
요번에 또 호랑이랑 고추치킨 그리고 똥집까지

큰아들 중간고사 끝난 기념으로 시원하게 쐈습니다
맛있게ㅜ잘 먹었습니다",4,5,5
2021년 4월 27일,순살 호랑이치킨/1,매웠지만 맛있었어요,4,4,4
2021년 4월 24일,"콤보（윙,봉,다리）/1(콤보선택(고추 콤보))","옆으로 양념이 다 새서 옆면하고 콜라하고 무하고 봉지에 묻어있네요~
봉인해제스티커도 한쪽이 떠있네요~",3,3,1
2021년 4월 24일,"호랑이치킨/1,쫀득치즈볼（5개）/1","아들이 광고보고 시켰은데 
맛있네요~",5,5,5
2021년 4월 23일,호랑이치킨/1,두번째 주문이에요. 넘넘 맛있어요!!,5,5,5
2021년 4월 23일,호랑이치킨/1,빠르고 진짜맛잇어요 호랑이치킨요,5,5,5
2021년 4월 23일,호랑이치킨/1,"아..너무 달아요 제입맛은 아닌듯
배달도 정말 빠르고 양도 진짜 많아요
담엔 그냥 후라이드 시켜야할듯요 ㅎㅎ",1,5,5
2021년 4월 22일,"순살 반＋순살 반 선택/1(순살반＋반선택(순살 간지 반＋장스 반)),웨지감자/1","오늘도 8살 딸은 장스치킨을 앉은자리에 뚜딱 해치우곤 엄지척~!!👍 했습니다. 잘먹었습니다.
그리고 사장님의 콜라 써비스에 감동 받고 사진 한컷~!! 감사합니다..",5,5,5
2021년 4월 22일,"호랑이치킨/1,다리 6조각/1(다리선택(장스 다리 6조각))",호랑이치킨 존맛입니다 ㅠㅠ앞으로 호랭이만먹을듯,5,5,5
2021년 4월 22일,호랑이치킨/1,이날이후로 호랑이치킨에 중독됐습니다,5,5,5
2021년 4월 21일,"양념치킨/1,웨지감자/1",아이들  맛나게  잘  먹었어요  ~~~,5,5,5
2021년 4월 21일,간지치킨/1,만족스런 식사였습니다~,5,5,5
2021년 4월 19일,"콤보（윙,봉,다리）/1(콤보선택(후라이드 콤보)),생맥주 1,000cc/1",항상 맛있지요 ㅎㅎ 식어도 뽀까도 맛나요,5,5,5
2021년 4월 18일,"호랑이치킨/1,후라이드/1",베리굿~~~~감사해요,5,5,5
2021년 4월 17일,"순살 짜장치킨（기본맛.매콤해요）/1,쫀득치즈볼（5개）/1",빠른시간에 왔어요. 아들이 배달 받았는데 인사 둡ㅓㄴ해줘서 덩달아 두번 인사했다니요. ^^,5,5,5
2021년 4월 17일,호랑이치킨/1,너무 맛있었어요!!! 다음주에 또 시킬게요 감사합니다♡,5,5,5
2021년 4월 16일,후라이드 반＋반마리선택/1(반마리선택(간지치킨 반)),맛은 있는데 기다림이 긴 치킨.,5,4,3
2021년 4월 15일,호랑이치킨/1,"광고보고 시켰는데 
음??? 틀림  메뉴 맞는지 다시한번 봤지만 
같은데 제입엔 별로 
단건지 매콤한건지 모르는 찐득한 후라이",1,3,4
2021년 4월 13일,"간지치킨/1,아~매워!소스/1","맛잇게
잘 먹엇습니다~!!!",5,5,5
2021년 4월 12일,"순살 호랑이치킨/1,포테이토 치즈스틱（3개）/1,콘치즈볼（5개）/1",또 시켜먹은 호랑이치킨!,5,5,5
2021년 4월 8일,순살 반＋순살 반 선택/1(순살반＋반선택(순살 간지 반＋장스 반)),맛있게 잘 먹었습니다.,5,5,5
2021년 4월 6일,간지치킨/1,배달이 늦어져서 치킨이 눅눅해져서 아쉽네요,4,4,3
2021년 4월 5일,"봉 15조각/1(봉선택(양념 봉 15조각)),쫀득치즈볼（5개）/1,콜라 1.25L/1,치킨 무/1",맛있게 잘 먹었습니다.,5,5,5
2021년 4월 4일,"호랑이치킨/1,콜라 1.25L/1",총알 배송을 해주셔서 따뜻한 치킨 맛있게 먹었습니다,5,5,5
2021년 4월 3일,"호랑이치킨/1,봉 15조각/1(봉선택(간지 봉 15조각))",배달 하시는 분 친절하고 처음 주문 했는데 가족들이 맛있데요~ 곧 재주문 예정^^,5,5,5
2021년 4월 3일,호랑이치킨/1,잘 먹었습니당 :),5,5,5
2021년 4월 2일,"호랑이치킨/1,봉 15조각/1(봉선택(간지 봉 15조각)),쫀득치즈볼（5개）/1,옥수수치즈파우더/1","맛도 있고 양도 많고 좋았습니다

근데 한마리,부분육 둘 다 뼈가 조금 거뭇거뭇한데 혹시 냉동인가요?
남은거 냉동실 넣기 좀 두려운데",5,5,5
2021년 3월 27일,"후라이드 반＋반마리선택/1(반마리선택(양념치킨 반)),콜라 1.25L/1",맛있게 잘 먹었습니다.,5,5,5
2021년 3월 27일,순살 호랑이치킨/1,배달이 좀 느리다. 호랑이치킨 맛은 달고 향은 맵다,4,5,3
2021년 3월 27일,고추치킨/1,맛나요 맛나요 맛나요,5,5,5
2021년 3월 26일,"간지치킨/1,팝콘만두/1,콜라 1.25L/1","한달에 두세번은 먹는거 같아요
아이들이 치킨 시키자고하면 3번중2번은 간지 먹자고 하네요
맛있어요",5,5,3
2021년 3월 26일,"콤보（윙,봉,다리）/1(콤보선택(간지 콤보)),떡볶이/1,콜라 1.25L/1","도착후 문자 넣어달라고 
부탁했는데요
옆동으로 잘못간것도 모자라
문자도 안보내시고
옆동 주민이 가져다 주네요

도착시간 20분 남았다는데
저희는 진작에 먹고있네요

코라1.25추가시켰는데
500짜리 하나가 더 왔네요

감사합니다~~",5,5,1
2021년 3월 23일,후라이드 반＋반마리선택/1(반마리선택(양념치킨 반)),후라이드만 먹다 양념으로 반반 첨 시켰는데 양념이 넘나 맛났어요! 소스양도 넉넉하고....대만족입니다.,5,5,5
2021년 3월 21일,"봉 15조각/1(봉선택(간지 봉 15조각)),윙 15조각/1(윙선택(간지 윙 15조각))","간지 봉 맛있었어요~
윙이 없어 아쉬웠어요~",4,5,5
2021년 3월 14일,호랑이치킨/1,오늘 처음먹어봤는데 맛있어요 마늘베이스?에 달달함까지있어 맛있게잘먹었습니다 단 소스가 조금만 더  있었으면 하는바램이었습니다,5,5,5
2021년 3월 13일,간지치킨/1,맛잇어요~~~~!!!,5,5,0
2021년 3월 8일,"후라이드/1,쫀득치즈볼（5개）/1",말하면 입아프죠!!,5,5,5
2021년 3월 6일,"간지치킨/1,윙 15조각/1(윙선택(간지 윙 15조각)),웨지감자/1,콜라 1.25L/2",자주  시켜먹는데 맛은 있네요,4,4,3
2021년 3월 6일,"간지치킨/1,고추치킨/1,생맥주 1,000cc/1",고추치킨 소스도 거의없고 맛이 없었어요ㅜㅜ,1,3,2
2021년 2월 28일,"봉 15조각/1(봉선택(양념 봉 15조각)),봉 15조각/1(봉선택(후라이드 봉15조각)),치킨 무/2",맛있게 잘 먹었습니다.,5,5,5
2021년 2월 28일,"짜장치킨（기본맛.매콤해요）/1,봉 15조각/1(봉선택(고추 봉 15조각)),콜라 1.25L/1",어머니께서 항상좋아하시는 60계 언제나 맛나게 잘먹곺있습니댜~~^^,5,5,5
2021년 2월 24일,순살간지 치킨/1,배달도 빠르고 짱ㅇ,5,5,5
2021년 2월 24일,고추치킨/1,맛있게 다먹구 사진도 다 먹었지요ㅋㅋㅋ,5,5,5
2021년 2월 21일,"순살더매운고추 치킨/1,콜라 1.25L/1","너무매워요
저도 불닭볶음면은 먹거든요..
이건 너어무 매워요..",5,5,5
2021년 2월 18일,"후라이드 순살 반＋순살 반 선택/1(순살반마리선택(양념순살 반)),똥집튀김/1",잘 먹었어요 ~~~~,4,4,4
2021년 2월 17일,"양념치킨/1,웨지감자/1",맛나게  잘먹었어요  아이들이  좋아해요,5,5,5
2021년 2월 9일,"후라이드 반＋반마리선택/1(반마리선택(고추치킨 반)),웨지감자/1","치킨도 맛있고 감자튀김도 양이 많이 노랬어요 ㅎㅎ
맛있게 잘 먹었습니다~😊",5,5,5
2021년 2월 6일,"짜장치킨（기본맛.매콤해요）/1,봉 15조각/1(봉선택(고추 봉 15조각))",항상 감사히 잘먹고 있습니다^^,5,5,4
2021년 2월 6일,순살 짜장치킨（순한맛）/1,....................,5,5,5
2021년 2월 6일,"순살 반＋순살 반 선택/1(순살반＋반선택(순살 간지 반＋고추 반)),매운양념소스/1,마요네즈소스/1,양념소스/1","맛있었어요~
빠삭한 치킨은 아닌데 풍미가 있어서 좋았어요
담엔 누락한 소스 챙겨주세요",5,5,5
2021년 2월 4일,"다리 6조각/2(다리선택(후라이드 다리6조각)),카스 병/1","너무너무맛있어요ㅋ
후라이드전통맛!
다리만시켰는데푸짐한양ㅋ
다만,
조금아쉬운건ㅠ다리절단면?
뻣조각?뼛가루?같은게계속씹혀유ㅜㅇㅜ
이가바사삭! 그거만개선부탁드려용~^^
또시킬께용♡",5,5,5
2021년 2월 2일,간지치킨/1,양도 많고 맛있어요~~^^,5,5,5
2021년 1월 27일,"콤보（윙,봉,다리）（코카콜라）/1(콤보선택(고추 콤보))",맛잇네요 첨머고보는데 만족해요,5,5,5
2021년 1월 26일,고추치킨/1,맛있어요~웨지감자도 많아요~,5,4,5
2021년 1월 24일,"후라이드 반＋반마리선택/1(반마리선택(양념치킨 반)),치킨 무/1","주말은 치킨이죠^^
아이들이 60계 치킨 노래를 불러 또 주문했습니다
큰애는 후라이드 둘째는 양념^^
무도 추가해서 각자 주었어요^^
어제도 맛있게 잘 먹었습니다^^",5,5,5
2021년 1월 19일,간지치킨/1,오랜만에 맛있게 먹었어요 :),5,4,4
2021년 1월 19일,후라이드 반＋반마리선택/1(반마리선택(양념치킨 반)),"아이가 반해버려 저번주에만 세번 주문해먹었어요^^
배달도 빨리오고 맛있게 먹었어요^^
아이는 치밥 전 치맥^^
감튀까지 있어서 맛있게 먹었습니다^^",5,5,5
2021년 1월 19일,"양념치킨/1,웨지감자/1",아이들과  맛나게   잘먹었어요,5,5,5
2021년 1월 18일,"후라이드/1,양념치킨/1,똥집튀김/1,콜라 1.25L/1","배달하시는분 아주친절히 잘해주셔용~
노크후 문자까지주시구 배달속도
맛 양 전부 너무좋네요
재주문 100% 의사있습니다~",5,5,5
2021년 1월 18일,크리스피치킨/1,"맛있어요~
메뉴 바꿨는데 바로 변경해주시고, 시간맞춰 왔어요.",5,5,5
2021년 1월 17일,후라이드 반＋반마리선택/1(반마리선택(양념치킨 반)),60계치킨 항상 맛있네요.,5,5,5
2021년 1월 15일,후라이드 반＋반마리선택/1(반마리선택(양념치킨 반)),60계는 처음 먹었는데 눈이 많이 와서 배달 될지 걱정햇는데 배달이 되서 잘 먹었습니다,3,3,3
2021년 1월 14일,후라이드 반＋반마리선택/1(반마리선택(양념치킨 반)),"첫주문해먹은 60계치킨이에요
후라이드랑 양념반인데 넘 맛있어요^^",4,4,4
2021년 1월 14일,후라이드 반＋반마리선택/1(반마리선택(양념치킨 반)),"두번째 주문해 먹는데 맛있어요^^
아이는 치밥으로 해서 양념에다 비벼먹었는데 넘 맛있다네요
감튀도 들어있어서 더 맛있는거 같아요",5,5,5
2021년 1월 12일,"후라이드/1,카스 병/2","눈길에 배달도감사한데..
첨먹어보는60계치킨인데
진짜너무맛있네요!!앞으로치킨은 요기서!!!
감사해요^^",5,5,5
2021년 1월 9일,반마리＋반마리 선택/1(반＋반선택(고추 반＋장스 반)),닭뼈가 좀 많은편 그래도 맛은 좋다,4,5,5
2021년 1월 7일,"윙 15조각/1(윙선택(고추 윙 15조각)),다리 6조각/1(다리선택(간지 다리 6조각))",배달 90분? 한시간반 걸린건 이해합니다 정말 맘들이 변했나보내요 예전같지않게 양념이 매마르고 요구사항에 얘기해도 참내 이건 아니지않나요,1,1,1
2021년 1월 5일,후라이드 반＋반마리선택/1(반마리선택(고추치킨 반)),고추치킨 깔끔하니 맛있네요 역시 인기 메뉴,5,5,5
2021년 1월 3일,간지치킨/1,자주 시켜먹고 있는 곳이에요,5,5,5
2021년 1월 2일,짜장치킨（순한맛）/1,"짜장치킨 처음먹어 보는데 맛있게 먹었습니다.
아이들이 좋아하네요",5,5,5
2020년 12월 30일,"순살후라이드/1,윙 15조각/1(윙선택(고추 윙 15조각))",양념윙은맛있었는데 후라이드가 조금 별로였어요ㅠㅠ,4,5,5
2020년 12월 23일,후라이드 반＋반마리선택/1(반마리선택(양념치킨 반)),또시켰네요.  이번에  반반으로다가 정말 맛있게 먹었어요~ ^^,5,5,5
2020년 12월 23일,순살고추 치킨/1,젖은 치킨처럼 튀김 옷이 많이 눅눅했어요 ㅜ,3,3,3
2020년 12월 22일,반마리＋반마리 선택/1(반＋반선택(간지 반＋고추 반)),맛있습니다! 번창하세요,4,4,4
2020년 12월 21일,간지치킨/1,간지치킨은 진리인 것 같습니다,5,5,5
2020년 12월 17일,간지치킨/1,간지치킨 너~~~~무 맛있어요,5,5,5
2020년 12월 15일,"고추치킨/1,쫀득치즈볼（5개）/1","저번에도 시켜먹어봤는데 너무 생각나서 다시 재주문했습니다 치킨은 60계가 제일 맛나요 

사진은 폭풍흡입하느라 못 찍었습니다 ㅠㅠ
다음 재주문할때 찍을께요",5,5,5
2020년 12월 14일,고추치킨/1,배달은 빨라서좋은데 치킨이 너무 기름기가 많아  물컹물컹 식감이 안좋네요 조금만 신경쓰시면 맛있을거 같은데..아쉽네요,3,3,3
2020년 12월 14일,고추치킨/2,넘 마이쪄~♡사진또읍네여~~~^^,5,5,5
2020년 12월 13일,"간지치킨/1,고추치킨/1",기름냄새도 안나고 감자도많고  치킨도많고 간장소스도 맛있었습니다,5,5,5
2020년 12월 12일,"양념치킨/1,웨지감자/1",너무  맛나게  잘먹었습니다,5,5,5
2020년 12월 9일,양념치킨/1,배달 빨리 와서 참 좋아요^^,5,5,5
2020년 12월 8일,"후라이드 순살 반＋순살 반 선택/1(순살반마리선택(간지순살 반)),멘보샤（10개）/1",빠른배달.. 맛은 당연.. ^^,5,5,5
2020년 12월 5일,"고추치킨/2,콜라 1.25L/1",항상 시켜먹는데 고추치킨이 젤 맛있어요,5,5,5
2020년 12월 4일,"후라이드 순살 반＋순살 반 선택/1(순살반마리선택(장스순살 반)),멘보샤（10개）/1",빠른 배달.. 맛은 최고.. ^^,5,5,5
2020년 12월 2일,"양념치킨/1,웨지감자/1",맛나요   밥과비벼서   다  먹었어요  아이들이  여기만  좋아해요,5,5,5
2020년 11월 30일,짜장치킨（기본맛.매콤해요）/1,배달도  오래걸리고  맛도 다른데보다  매웠어요 ㅜㅜ,1,1,1
2020년 11월 30일,고추치킨/1,"월욜오후라선지 30분만에 왔네여~^^
기본도 맛나게 먹었는데 고추치킨도 겁나맛있음~
애들먹던거 식어도 맛나던디 오늘 따신거 먹어봉께 기똥차네여~~
돈이 아깝지않은 맛!
완전 신선 존맛탱!!!!",5,5,5
2020년 11월 30일,고추치킨/1,맛나서 사진읍씀~~~,5,5,5
2020년 11월 28일,간지치킨/1,"오오오~첨먹어봄.
디따 맛나네여~감자도 맛있고 닭은 신선합니다.
60계치킨답게 기름 쩐내도 없고~^^*
앞으로 다른메뉴도 60계꺼 먹고싶네요.
마니파세여~♡",5,5,5
2020년 11월 26일,간지치킨/1,간지치킨 짱입니다^^ 저번보다 양도 더 많아진 것 같아요! 이거 주문하려고 배고픈데 한시까지 기다렸네요. 잘 먹었습니다~ 번창하세요:),5,5,5
2020년 11월 26일,후라이드 순살 반＋순살 반 선택/1(순살반마리선택(6초순살 반)),넘맛있었네요 양이적어서 담엔 치즈볼도시켜볼래용,4,3,4
2020년 11월 26일,후라이드 순살 반＋순살 반 선택/1(순살반마리선택(고추순살 반)),맛은좋은뎅 양이 적어용^^ 담에는 떡볶이도 시켜봐야겠어요,5,3,4
2020년 11월 21일,짜장치킨（기본맛.매콤해요）/1,맛은 그럭저럭 배달은 너무 느림,4,3,1
2020년 11월 20일,고추치킨/1,60계 고추치킨 맛있어요,5,5,5
2020년 11월 19일,후라이드 순살 반＋순살 반 선택/1(순살반마리선택(간지순살 반)),순삭했어요 ㅋㅋㅋ,5,4,5
2020년 11월 16일,짜장치킨（기본맛.매콤해요）/1,"봉인해제 전후 사진올려용~~
배달 급빠르고요~~짜파치킨먹어보고시켜 함시켜봤어요~~맛 짜장면에 치킨비벼먹는맛?  먹을만하네요~~서비스웨지감자 감사합니다~~~",5,5,5
2020년 11월 14일,순살 짜장치킨（순한맛）/1,맛있어요 순한맛인데 매운맛이 조금 나네요,5,5,5
2020년 11월 10일,봉 15조각/2(봉선택(간지 봉 15조각)),콜라랑 치킨무는 모두 빼고 오네요.,4,4,5
2020년 11월 9일,"윙 15조각/1(윙선택(고추 윙 15조각)),윙 15조각/1(윙선택(간지 윙 15조각))","배달이 좀,
그냥 문앞에 두고 가세요를 선택해도 도착하시면 벨 정도는 눌러주시던데, 언제 두고 가셨는지, 식어가지고,
눅눅했습니다.
배달은 별 하나도 아깝네요",3,2,1
2020년 11월 9일,"콤보（윙,봉,다리）/1(콤보선택(양념 콤보)),웨지감자/1,치킨 무/1",너무맛나게  다먹었어요,5,5,5
2020년 11월 8일,"콤보（윙,봉,다리）/1(콤보선택(후라이드 콤보))","늘 맛있어요,오늘은 부침가루가 쫌 뭉쳤네요~",5,4,4
2020년 11월 6일,고추치킨/1,고추치킨이 젤 맛있어요,5,5,5
2020년 11월 4일,"콤보（윙,봉,다리）/1(콤보선택(후라이드 콤보)),치즈스틱/1,양념소스/1","너무 잘먹어서... 사진을 못찍었네요 ㅎ
소스가 부족이긴 하지만  진짜 맛있네요
고추맛도 좋았는데 이것도 좋네요~",5,5,5
2020년 11월 4일,"짜장치킨（기본맛.매콤해요）/1,봉 15조각/1(봉선택(고추 봉 15조각))",짜장...그리고 치킨... 콜라보 쥭입니다..!!,5,5,5
2020년 11월 3일,고추치킨/1,아주조아요맛있었요 자주먹고싶어요,3,2,4
2020년 11월 3일,"후라이드/1,양념치킨/1",맛있고 배달하시는 분이 친절하세요~,5,5,5
2020년 11월 3일,반마리＋반마리 선택/1(반＋반선택(간지 반＋고추 반)),잘먹엇어요..마니파세요ㅎ,4,4,3
2020년 10월 31일,후라이드/1,맛있게먹엇습니다^^,5,5,5
2020년 10월 24일,"콤보（윙,봉,다리）/1(콤보선택(간지 콤보)),콜라 1.25L/1,치킨 무/1","맛,양,배송 모두 최곱니다^^ 주2회는 필수죠^^
잘먹겠습니다^^",5,5,5
2020년 10월 23일,"후라이드 반＋반마리선택/1(반마리선택(간지치킨 반)),쫀득치즈볼（5개）/1,멘보샤（10개）/1,마요네즈소스/1",배달은 늦었지만 맛은 있네요,5,5,2
2020년 10월 22일,"양념치킨/1,후라이드 반＋반마리선택/1(반마리선택(간지치킨 반))",맛있게 잘 막었습니다^*,5,5,5
2020년 10월 20일,"순살간지 치킨/1,순살양념 치킨/1",잘먹었습니다~~~~!!!!!!!,5,5,5
2020년 10월 18일,"윙 15조각/1(윙선택(간지 윙 15조각)),다리 6조각/1(다리선택(간지 다리 6조각))","ㅠㅠ무랑 콜라 원래 같이 왔던것 같은데........
따로 구매해야되나요???
배달도 조금 늦었는데 (늦는것까진 괜찮은데)
콜라랑 무가 안들어 있어서
너무 속상했어요..........ㅠㅠ
ㅠㅠㅠㅠㅠㅠㅠㅠㅠㅠㅠㅠㅠㅠㅠㅠㅠㅠㅠㅠ
아 치킨 너무 맛있는데 속상해요",5,5,5
2020년 10월 10일,짜파치킨（순한맛）/1,짜장 특이하니 좋아요□!,5,5,5
2020년 10월 9일,후라이드 반＋반마리선택/1(반마리선택(양념치킨 반)),살짝 차갑긴했지만 맛있었습니다. 번창하세요!,4,4,4
2020년 10월 8일,"봉 15조각/1(봉선택(양념 봉 15조각)),봉 15조각/1(봉선택(후라이드 봉15조각)),쫀득치즈볼（5개）/1,콜라 1.25L/1,치킨 무/1",빠른 배송 좋아요.,5,5,5
2020년 10월 5일,짜파치킨（순한맛）/1,맛있게 잘먹었습니다 배달도빠르고요,5,5,5
2020년 10월 5일,후라이드 반＋반마리선택/1(반마리선택(간지치킨 반)),맛있어요!!!!!! 그치만 추석에 바쁘셔서 엄청 오래걸렸어요ㅠㅠㅠㅠ,5,5,4
2020년 10월 4일,반마리＋반마리 선택/1(반＋반선택(간지 반＋고추 반)),맛있게 잘 먹었습니다 양도 많네요,5,5,5
2020년 10월 4일,"순살더매운고추 치킨/1,웨지감자/2,처음처럼/2,생맥주 1,000cc/1",60계치킨은 처음 시켜먹었는데 진짜 맛있네요~^^,5,5,5
2020년 10월 3일,"짜파치킨（순한맛）/1,콜라 1.25L/1",맛있게 잘 먹었습니다 ~~~,5,5,5
2020년 10월 2일,"순살고추 치킨/1,윙 15조각/1(윙선택(간지 윙 15조각))","사진찍을시간도 없이 잘먹었습니다^^
간지윙봉세트가 갑자기안보이는데요~
지금껏 20번가까이 먹었는데요
그래도 최곱니다^^",5,5,5
2020년 9월 28일,간지치킨/1,"바쁜 저녁피크타임에 결재변경으로 재주문요청한다고 취소해달라고하고 넘 번거롭게 했는데도 친절하셔서 감동
예상시간보다 빠른 도착에 감동하고 또 맛있어서 반해씁니다
또 시킬게요🥰",5,5,5
2020년 9월 28일,"순살고추 치킨/1,웨지감자/1,생맥주 1,000cc/1",맛잇게 잘 막었습니다,5,5,4
2020년 9월 25일,순살 반＋순살 반 선택/1(순살반＋반선택(순살 고추 반＋양념 반)),"맛있어요!!!
고추치킨이  매콤하니 맛있어요",5,5,5
2020년 9월 23일,간지치킨/1,기름이 조금 많은거 빼고 괜찮았어요~,5,4,3
2020년 9월 23일,후라이드 반＋반마리선택/1(반마리선택(양념치킨 반)),"역시 60계치킨 맛집~~
여기가 젤 맛남~~",5,5,5
2020년 9월 19일,"똥집튀김/1,멘보샤（10개）/1,콜라 1.25L/1",처음 시켜봣는데 맛있네요 종종 이용할듯 합니다,5,5,5
2020년 9월 19일,"순살 짜파치킨（기본맛）/1,팝콘만두/1,떡볶이/1,치즈스틱/1","치즈스틱, 떡볶이는 비추 입니다
모험을 좋아하시는분 도전 가능 ㅎ",3,3,3
2020년 9월 19일,짜파치킨（기본맛）/1,무지 빠른 배달 깜짝!,5,5,5
2020년 9월 19일,후라이드 반＋반마리선택/1(반마리선택(양념치킨 반)),배달이 느리긴했지만 맛있었어요:),5,5,3
2020년 9월 18일,"콤보（윙,봉,다리）/1(콤보선택(간지 콤보)),치킨 무/1",오랜만에 시켰는데 맛이 좋네요 감자도 맛있습니다,5,4,5
2020년 9월 14일,"간지치킨/1,짜파치킨（기본맛）/1",맛있게 잘 먹었습니다.,5,5,5
2020년 9월 13일,"봉 15조각/1(봉선택(양념 봉 15조각)),봉 15조각/1(봉선택(후라이드 봉15조각)),쫀득치즈볼（5개）/1,콜라 1.25L/1,치킨 무/1",..........,5,5,5
2020년 9월 12일,반마리＋반마리 선택/1(반＋반선택(고추 반＋양념 반)),맛있어요 또 시켜 먹어요,5,4,5
2020년 9월 6일,고추치킨/1,참잘했어요 다음에또 먹고싶어요,3,2,3
2020년 9월 6일,짜파치킨（기본맛）/1,맛있게 잘먹었습니다:),5,5,5
2020년 9월 1일,"윙 15조각/1(윙선택(간지 윙 15조각)),웨지감자/1,치즈스틱/1,치킨 무/1",진짜맛잇어요!!+++++,5,5,5
2020년 9월 1일,후라이드 반＋반마리선택/1(반마리선택(양념치킨 반)),정말 정말 맛있어요🥰👍🏻,5,5,5
2020년 8월 31일,"봉 15조각/1(봉선택(간지 봉 15조각)),윙 15조각/1(윙선택(고추 윙 15조각)),치킨 무/2",60계 처음시켜보는데 맛이 그냥 무난무난하네영.. 배달은 90분걸렸네요,3,5,5
2020년 8월 30일,"짜파치킨（기본맛）/1,쫀득치즈볼（5개）/1",맛있게 먹었습니다~,3,4,4
2020년 8월 29일,"간지치킨/1,쫀득치즈볼（5개）/1",왤케 바삭하고 소스도 진한 느낌이었는지 존맛이엇어여,5,5,5
2020년 8월 28일,"순살 짜파치킨（기본맛）/1,멘보샤（10개）/1",새로운 메뉴 시켜보앗는데 맛잇네여,4,5,5
2020년 8월 26일,"고추치킨/1,쫀득치즈볼（5개）/1",good !!!!!!!,5,5,4
2020년 8월 22일,"반마리＋반마리 선택/1(반＋반선택(간지 반＋고추 반)),마요네즈소스/1",맛있게 잘먹었습니다.,5,5,5
2020년 8월 18일,"다리 6조각/1(다리선택(후라이드 다리6조각)),빠삭이（소）/1",오늘은 그냥 쏘쏘~~~,5,5,5
2020년 8월 16일,고추치킨/1,맛있게 잘 먹었습니다.,5,5,5
2020년 8월 15일,"후라이드 반＋반마리선택/1(반마리선택(양념치킨 반)),쫀득치즈볼（5개）/1,똥집튀김/1",잘 먹었어요 ~~~,4,4,4
2020년 8월 15일,반마리＋반마리 선택/1(반＋반선택(간지 반＋고추 반)),맛맀습니당 ㅎㅎㅎ 많이ㅠㅏㅛㅔ려,5,5,5
2020년 8월 10일,고추치킨/1,지인 권유로 첨먹어본맛 대박입니다 달콤 짭조롬한맛 조아요 담엔 더매운고추맛 먹어보고싶네요,5,5,5
2020년 8월 10일,"간지치킨/1,마요네즈소스/1",맛있는데 비가와서 튀김옷이좀눅눅해서아쉬웠어요,5,5,3
2020년 8월 6일,"후라이드 반＋반마리선택/1(반마리선택(6초치킨 반)),생맥주 1,000cc/3",맛나게 잘 먹었습니다 다이또는 실패했지만요,5,5,5
2020년 8월 5일,"콤보（윙,봉,다리）/1(콤보선택(고추 콤보))",역시 맛있어요 :),5,5,5
2020년 8월 5일,"봉 15조각/1(봉선택(간지 봉 15조각)),윙 15조각/1(윙선택(장스 윙 15조각))",맛있게 잘먹었습니다,5,5,5
2020년 8월 1일,"반마리＋반마리 선택/1(반＋반선택(간지 반＋고추 반)),콜라 1.25L 사이즈 업/1",역시 육십계!! 최고인듯,5,5,5
2020년 7월 29일,"봉 15조각/1(봉선택(양념 봉 15조각)),봉 15조각/1(봉선택(후라이드 봉15조각)),쫀득치즈볼（5개）/1,콜라 1.25L/1",..........,5,5,5
2020년 7월 29일,크리스피치킨/1,굿,5,5,5
2020년 7월 25일,순살 반＋순살 반 선택/1(순살반＋반선택(순살 고추 반＋장스 반)),배달 예상시간이 1시간이 넘길래 느긋하게 기다릴 생각이었는데 20분 만에 도착해서 좋았어요. 포장 바뀐 것도 좋구요. 맛있게 잘 먹었습니다.,5,5,5
2020년 7월 19일,장스치킨/1,역시 굿.........,5,5,5
2020년 7월 19일,순살간지 치킨/1,"오늘 ㅠㅠ  치킨 꽝이네요.
전화하려다 꾹 참았어요.
가게가 바쁘셨는지..
한쪽에 소스가 뭉쳐있고...
치킨은 밍밍하고  ㅠㅠ.
항상 먹던 맛이 아니었네요.",1,3,4
2020년 7월 18일,후라이드 반＋반마리선택/1(반마리선택(간지치킨 반)),맛있어요 육십계 ㅋㅋㅋ 근처에 있어서 다헬,4,4,4
2020년 7월 18일,"간지치킨/1,후라이드/1,떡볶이/1","후라이드 : 바삭함
간지 : 그냥 맛있음
떡볶이 : 국물맛이 좋음",5,5,5
2020년 7월 18일,"순살간지 치킨/1,사이다 355ml/1","바짝 튀기지만 않으시면 더 좋을 듯 싶어서 
별4개만.. ṑṑṑ 달콤짭짤해서 계속 먹게 되네요",4,5,5
2020년 7월 17일,"다리 6조각/1(다리선택(간지 다리 6조각)),쫀득치즈볼（5개）/1,콜라 1.25L 사이즈 업/1",혼자 먹기 많아 부분육 메뉴 시키면 항상 서비스로 다른 고기 부위도 섞어서 보내주시는 게 진짜 너무 감사합니다ㅜㅜ,5,5,5
2020년 7월 17일,"간지치킨/1,콘치즈볼（5개）/1","60계치킨 울딸이  
매일  시켜달라는거  
하...절제하구있습니다
맛있어서  ....큰일입니다
다이어트중인데  어쩜좋습니까?",5,5,5
2020년 7월 16일,"봉 15조각/1(봉선택(양념 봉 15조각)),후라이드윙봉세트25조각/1,콜라 1.25L/1,치킨 무/2,양념소스/1",..........,5,5,5
2020년 7월 14일,"고추윙봉세트25조각/1,마요네즈소스/1",오랜만에 60계치킨 먹었는데 여전히 맛있네요ㅎㅎ,4,4,4
2020년 7월 13일,"고추윙봉세트25조각/1,웨지감자/1,치킨 무/1",맛있게 잘먹었습니다 ㅎㅎ 감자가 너무 많았어요 ㅠ.ㅠ 감자파티!!!!! 감자좋아해서 맛있게 잘먹어욤 고추양념이 쪼금더 많았으면 좋겠다 생각했어용ㅠ.ㅠ,4,5,5
2020년 7월 13일,고추윙봉세트25조각/1,진짜 맛있어요!̤̻ 배달 진심 중국집 수준으로 빨리 왔어요 그래서 그런가 치킨 방금 튀긴 것 처럼 뜨겁고 맛있었어요ㅠ̑̈ㅠ̑̈ 많이 고민하다 시켰는데 완전 만족스러운 식사였습니당❣️,5,5,5
2020년 7월 12일,후라이드/1,빠르게 잘 받았습니다,5,5,5
2020년 7월 12일,"간지윙봉세트25조각/1,쫀득치즈볼（5개）/1",감사히 잘먹어습니다,5,5,5
2020년 7월 12일,"고추치킨/1,후라이드/1",배달많이느렸지만 맛있어요,5,5,3
2020년 7월 11일,"순살후라이드/1,쫀득치즈볼（5개）/1",맛있어오늘또주문하네요,5,5,5
2020년 7월 10일,"봉 15조각/1(봉선택(양념 봉 15조각)),봉 15조각/1(봉선택(후라이드 봉15조각)),쫀득치즈볼（5개）/1,콜라 1.25L/1,치킨 무/1",언제나 맛있어요. 60계치킨,5,5,5
2020년 7월 9일,고추윙봉세트25조각/1,맛있게 잘 먹었습니다,5,5,5
2020년 7월 8일,"고추윙봉세트25조각/1,치즈스틱/1",배달도 빠르고 역시 맛있네요 :) 치즈스틱도 맛있어요,5,5,5
2020년 7월 8일,"후라이드 반＋반마리선택/1(반마리선택(간지치킨 반)),쫀득치즈볼（5개）/1","치즈볼 치킨 종류별로 다 맛있어요

😊😊😊😊",5,5,5
2020년 7월 8일,"순살간지 치킨/1,쫀득치즈볼（5개）/1,웨지감자/1,콜라 1.25L/1",간지치킨 너무 좋아요ㅠㅠ 웨지감자랑 치즈볼이랑 추가했는데 사이드도 너무너무 제취향이에요!!ㅋㅋ 맛있게 잘먹었어요,5,4,4
2020년 7월 6일,간지치킨/1,간지치킨 진짜 맛있습니다!! 그런데 닭다리가 왜 없을까요?^^;;;; 양이 적습니다.,5,3,5
2020년 7월 5일,"간지치킨/1,쫀득치즈볼（5개）/1",지난번엔 좀 싱거웠는데 오늘은 간지치킨이 소스에 잘버무려져서 만족합니다,5,5,5
2020년 7월 3일,"봉 15조각/1(봉선택(후라이드 봉15조각)),봉 15조각/1(봉선택(양념 봉 15조각)),쫀득치즈볼（5개）/1,콜라 1.25L/1,치킨 무/2",60계 치킨 항상 맛있네요.,5,5,5
2020년 6월 29일,간지윙봉세트25조각/1,배달은 좀 느렸지만 맛있어서 괜찮아요,5,5,3
2020년 6월 28일,"순살간지 치킨/1,멘보샤（10개）/1,마요네즈소스/1",간지치킨을 먹어봣는데 맛잇네요 구래도 저는 개인적으론 고추가 더 맛잇는것 같아요,5,4,5
2020년 6월 28일,"간지치킨/1,콘치즈볼（5개）/1,웨지감자/1","60계 치킨.
기름도 신선하고.
맛있게 잘먹었습니다.",5,5,5
2020년 6월 28일,후라이드 반＋반마리선택/1(반마리선택(양념치킨 반)),짜지않고 맛있어서 또 주문할거얌.,5,5,5
2020년 6월 24일,순살양념 치킨/1,오늘두  맛나게  잘  먹었습니다,5,5,5
2020년 6월 21일,고추치킨/1,"맛있네요 순삭하느라 사진을 못찍었네요
고추치킨이지만 매운치킨은 아니에요
적당히 단짠매콤
다음엔 더 매운고추치킨 먹어보고 싶네요",5,5,5
2020년 6월 15일,간지윙봉세트25조각/1,진짜 제가 이제까지 먹어본 치킨 중에 탑급으로 맛있었어요,5,5,5
2020년 6월 14일,"후라이드 반＋반마리선택/1(반마리선택(간지치킨 반)),쫀득치즈볼（5개）/1,똥집튀김/1",배달예상시간이 85분 떠서 당황쓰 ㅋㅋㅋㅋ큐 그래도 매번 맛있게 먹어요,5,5,4
2020년 6월 13일,"후라이드 반＋반마리선택/1(반마리선택(양념치킨 반)),쫀득치즈볼（5개）/1,콜라 1.25L/1",60계 치킨 맛있어요.,5,5,5
2020년 6월 11일,"양념치킨/1,웨지감자/1",양념이  약간  모지랐지만  맛났어요,5,5,5
2020년 6월 10일,순살간지 치킨/1,"다른 지점에서도 먹어봤는데 여기가 소스도 넉넉하게 주시고, 가장 맛있는 것 같아요~!! 배달도 빨리 와서 좋아요",5,5,5
2020년 6월 7일,후라이드 반＋반마리선택/1(반마리선택(고추치킨 반)),맛있어요 배달은 오래걸렸어요,5,4,4
2020년 6월 7일,"봉 15조각/1(봉선택(양념 봉 15조각)),후라이드윙봉세트25조각/1,쫀득치즈볼（5개）/1,콜라 1.25L 사이즈 업/1,치킨 무/1",60계 치킨 화곡점 맛있어요.,5,5,5
2020년 6월 3일,후라이드 반＋반마리선택/1(반마리선택(간지치킨 반)),맛있게 잘먹었습니다. 역시 반반이 진리 ㅎ,4,5,5
2020년 6월 3일,간지윙봉세트25조각/1,맛있게 잘 먹었습니다~^^,5,5,5
2020년 6월 1일,"간지윙봉세트25조각/1,마요네즈소스/1",배달도 빠르고 맛있어용^^,5,5,5
2020년 5월 30일,고추치킨/1,괜츈해융.......,3,3,3
2020년 5월 29일,후라이드 반＋반마리선택/1(반마리선택(간지치킨 반)),맛은 굿 배달은 한시간 넘었어요,5,4,3
2020년 5월 23일,"고추치킨/1,다리 6조각/1(치킨맛선택(후라이드))","기가 막혀서 말이 나오지 않습니다!! 항상 시켜 먹던 고추치킨과 다리만 후라이드 6조각 주문했는데 윙도 아닌 조각난 다리가 와서 2시간 걸려 받았는데 엄청 화가나서 컨플래인 했습니다!! 점주란 젊은 사장이 와서 본사 지침이 다리 조각 조각 난걸로 변경 되었다면서 손으로 치킨을 만지고 환불 못해준다고 갔습니다!! 1번사진 최조주문사진이고 2번사진 조각난 다리 사진입니다.
외식이 꺼려져 배송시켰는데 완전 봉변당했습니다!
코로나 19에 마스크도 안낀 점주가 와서 치킨을 손을로 만지고 가다니 정말 기가 막힙니다!!
60계치킨 화곡점 대단!",1,1,1
2020년 5월 21일,"순살고추 치킨/1,웨지감자/1",오늘은 배달 주문이 많아서 배달이 늦어졋는지 모르겟으나 맛은 여전했습니다,5,5,3
2020년 5월 21일,간지치킨＋고추치킨/1,"아이들은 간지~
어른은 고추치킨 추천이요",5,5,5
2020년 5월 19일,간지윙봉세트25조각/1,너무 맛있게 잘 먹었어요,5,4,4
2020년 5월 18일,고추치킨/1,바로 이 맛이야~~~,5,5,5
2020년 5월 16일,"고추치킨/1,후라이드/1","잘먹었습니다.,....",4,4,4
2020년 5월 12일,"순살고추 치킨/1,윙 15조각/1(치킨맛선택(후라이드))",역시 언제나 믿고 먹는 치킨입니다,4,4,4
2020년 5월 4일,"고추치킨/1,다리 6조각/1(치킨맛선택(후라이드))",맛이야~~보장^^ 배송이 겁~~~나 느려요 ㅠㅠ 당최 1시간 넘게 기다려서 이 치킨을 먹어야 할지.... 배송 때문에...다른 치킨 갈아탈수도...,5,3,1
2020년 5월 3일,간지윙봉세트25조각/1,역시 맛있어용 ㅎㅎ최고,5,5,5
2020년 5월 3일,간지윙봉세트25조각/1,언제나 믿고 먹는 간지윙봉셋트 ^^♡,5,5,5
2020년 5월 1일,간지윙봉세트25조각/1,애들이 좋아해요~~ 애들이 다먹었어요,5,5,5
2020년 5월 1일,"후라이드＋양념치킨/1,똥집튀김/1",잘 먹었습니다 ~~,4,4,4
2020년 4월 28일,"순살후라이드/1,순살양념 치킨/1,사이다 355ml/1","맛도 좋고 양은 좀더 주면 좋겠어요
굿~!",5,5,4
2020년 4월 26일,"간지치킨＋고추치킨/1,콘치즈볼（5개）/1",처음 먹어보는데 맛있어요 또 시켜먹을게요,5,5,5
2020년 4월 25일,더매운고추윙봉세트25조각/1,"지난번 고추윙봉? 별로 안매워서 
더 매운 윙봉을 시켰는데
이건 너무 매우네요 ㅠ
거의 못먹었어요 
중간단계를 100단계는 건너뛴 느낌이예요
다른준들 참고하세요",1,5,5
2020년 4월 23일,"고추윙봉세트25조각/1,똥집튀김/1,콜라 1.25L 사이즈 업/1","ㅋ맛나게 잘 먹었어요 !!
치밥 해서 먹으면 JMT ❤️ㅎ❤️",5,5,5
2020년 4월 21일,고추치킨/1,음료 없이 배달 돼서 다시 전화 드리고 음료 기다리다 먹었네요..그래도 맛은 천상급! 다음에도 맛있고 배달도 잘 부탁드려요ㅎㅎ,5,5,3
2020년 4월 21일,간지치킨＋고추치킨/1,맛있어요 빠른배달도 조아요~,5,5,5
2020년 4월 18일,간지치킨＋고추치킨/1,80분 걸린다해서 걱정했는데~~한시간 정도 걸린듯요^^ 사진찍을 겨를없이 흡입해서 사진도 못찍었네요~~~고추치킨 대박♡♡♡,5,3,5
2020년 4월 18일,"후라이드/1,고추윙봉세트25조각/1","믿고 시키는 60계 
기름이 확실히 깨끗해요",5,5,5
2020년 4월 17일,간지윙봉세트25조각/1,"맛있어서 어제 오늘 2번 먹었어요 
어제보다 치킨이 조금식었는데도  맛있었어요",5,5,4
2020년 4월 16일,간지윙봉세트25조각/1,"맛도 양도 만족~
치킨은 역시 60계치킨",5,5,5
2020년 4월 15일,"후라이드＋양념치킨/1,콜라 1.25L/1",양이적고 배달 시간이 너무 오래걸림..기대와는 거리가 멀었음,4,3,1
2020년 4월 15일,"고추치킨/1,콜라 1.25L 사이즈 업/1",맛있었어요!!!!!!,5,5,5
2020년 4월 15일,간지치킨＋양념치킨/1,배달은 좀 많이 늦어요 바빠서 그런건 이해하지만...치킨이 식어서 왔어도 잘먹었습니다 식어도 맛있어 젠장,5,5,3
2020년 4월 13일,6초윙봉세트25조각/1,역시 맛있어요 강추강추,5,5,5
2020년 4월 12일,간지치킨＋고추치킨/1,맛있어용ㅋㅋ 남편이 안먹어봤다고 해서 시켰는데 고추치킨이 더 맛있다거 하네용ㅋㅋ 둘다 맛있어요! ㅋㅋ,5,4,4
2020년 4월 12일,"다리 6조각/2(치킨맛선택(후라이드)),쫀득치즈볼（5개）/1",배달이 조금 늦은거 빼고는 쏘쏘합니다.,4,4,4
2020년 4월 12일,간지윙봉세트25조각/1,맛있어요 ^^  또  시켜먹을께요,5,5,4
2020년 4월 11일,"후라이드/2,쫀득치즈볼（5개）/1",후라이드와 치즈볼 주문해서 먹었는데 아이들이 맛있다고 하네요. 치킨 밑간에 매운맛이 없어서 아이들 입맛에 딱 맞았어요. 치즈볼도 쫀득하니  맛있었어요. 다음에 다른 메뉴도 주문해서 먹고 싶어요.,5,5,5
2020년 4월 10일,후라이드/1,"아기가 있어서 배달하는 분께 요청드렸는데 너무 친절하게 해 주셨네요~~^^
맛은 물론 서비스까지 완벽하네요~~^^",5,5,5
2020년 4월 6일,"간지윙봉세트25조각/1,쫀득치즈볼（5개）/1","치킨 맛있게 잘 먹었습니다. 
치즈볼은 크기와 모양이 조금 아쉬웠지만 맛있어소습니다.~~",5,4,4
2020년 4월 5일,"간지윙봉세트25조각/1,생맥주 1,000cc/2",맛나요~~담엔 6초치킨으로 도전~~^^,5,5,5
2020년 4월 4일,간지윙봉세트25조각/1,맛있게 잘 먹었습니다,5,5,5
2020년 4월 1일,간지치킨/1,맛있어요 매번은맛이에요ㅎㅎ,4,4,4
2020년 3월 31일,"후라이드/1,크리스피치킨/1",생각보다 일찍 배달되어 맛있게 먹었네요..,5,5,5
2020년 3월 29일,고추윙봉세트25조각/1,맛있고 감자튀김까지 있어서 배부릅니다,5,5,5
2020년 3월 29일,"간지치킨/1,쫀득치즈볼（5개）/1",배달도 생각보다 빠르구요 양도 많고 맛있네요 가족들이 모두 만족했네요 ^^ 쫀득치즈볼 메이플시럽에 찍어먹으니 맛있어요 배불러서 남긴 사진이에요,5,5,5
2020년 3월 29일,"순살간지 치킨/1,쫀득치즈볼（5개）/1,콜라 1.25L 사이즈 업/1",간지치킨 맛있어요,5,5,5
2020년 3월 28일,고추윙봉세트25조각/1,맛있어요 60계 맛있는 녀석들에서 나와서 시켜봤는데 맛있네요,5,5,5
2020년 3월 22일,간지윙봉세트25조각/1,시간내에 맛있게! 친절하게! 잘! 배송해주셨어요~,5,5,5
2020년 3월 21일,"간지윙봉세트25조각/1,쫀득치즈볼（5개）/2,떡볶이/1",맛있어요~~~~~~~~~~,5,4,5
2020년 3월 20일,양념치킨/1,"메모에 문앞에 두고 문자 보내달라했는데 벨 눌르고 문
두드리고 가시네요 다음부터는 메모 사항좀 꼭좀 지켜 주셨으면 좋겠네요",5,5,1
2020년 3월 19일,"봉 15조각/1(치킨맛선택(장스치킨)),간지윙봉세트25조각/1","배달 좀 늦게 오기도 했는데.
그거야 그렇다치고 배달음식 받아서 먹고나서 보니 영수증을 문앞에 버리고 갔네요?
그럴거면 주고 가던가 알아서 잘버리던가 좀 그러네요",5,5,1
2020년 3월 19일,"쫀득치즈볼（5개）/1,콘치즈볼（5개）/1,치즈스틱/1,콜라 1.25L 사이즈 업/1,마요네즈소스/1,델리소스/1",치즈볼 잘 먹었습니다,3,3,3
2020년 3월 14일,간지윙봉세트25조각/2,"양도 많고 맛도 있어서 너무 만족했습니다!!
단짠 단짠한 매력에 손을 멈출 수가 없었습니다ㅎㅎ 맛있게 자아알 먹었습니당😆",5,5,4
2020년 3월 13일,"고추치킨/1,순살간지 치킨/1",최고네요 배달도빠르고맛도있고넘좋아요,5,5,4
2020년 3월 10일,"양념치킨/1,웨지감자/1",양도많고 넘넘 잘먹었어요,5,5,5
2020년 3월 8일,후라이드 순살＋간지치킨 순살/1,배달 잘받고 잘 먹었습니다,5,4,5
2020년 3월 8일,"더매운고추치킨/1,생맥주 1,000cc/1",3주째 매주 한 마리씩 시키고 있어요. 솔직히 식은 치킨 먹은 적 없는데 여기 더매운치킨은 식어도 먹고 치킨마요로도 해서 먹고 있습니다. 안에 감자만 더 많이 주면 진짜 최고일거 같아요!!,5,5,5
2020년 3월 7일,후라이드＋6초치킨/1,60계치킨 영자누나가 맛있게먹는거보고시켰는데 그냥그렇네요 6초치킨은 캡사이신 맛 많이나서 반도못먹고버렸습니다,2,5,5
2020년 3월 7일,간지치킨＋6초치킨/1,6초.. 맵긴 맵네요;; 간지 처음먹어봤는데 맛있었어요,5,5,5
2020년 3월 7일,"순살간지 치킨/1,쫀득치즈볼（5개）/1",요즘 60계 간지치킨에 빠져서 치킨 시키면 항상 여기서 시켜 먹어요~! 치즈볼 역시 언제 먹어도 맛있습니다,4,4,5
2020년 3월 7일,봉15조각＋똥집튀김세트/1(치킨맛선택(후라이드)),한 달에 두 번은 시켜 먹는 것 같아요. 똥집 튀김 맛있네요.,4,3,4
2020년 3월 6일,간지치킨＋양념치킨/1,굿굿~~👍👍👍,5,5,5
2020년 3월 5일,"간지치킨＋고추치킨/1,쫀득치즈볼（5개）/1,떡볶이/1",배달이생각보다 빨라서좋았네요~~잘먹었습니다~,5,5,5
2020년 3월 5일,"봉 15조각/1(치킨맛선택(간지치킨)),간지윙봉세트25조각/1","배달시간이 넘 늦여요 
음식도 식엇고",3,3,1
2020년 3월 4일,"간지윙봉세트25조각/1,콜라 1.25L 사이즈 업/1",GOOD   GOOD,5,5,5
2020년 3월 1일,"양념치킨/1(음료 사이즈 변경(콜라1.25L로 변경),추가선택(웨지감자))",오늘따라 더 맛나서 다 먹을때야 사진을 찍었어요 ~~,5,5,5
2020년 3월 1일,간지치킨-순살/1(음료 사이즈 변경(콜라1.25L로 변경)),제가 먹었던 다른 지점과는 달리 여기는 소스가 좀 부족하더라구요.. 처음에는 맛있게 먹다가 점점 싱겁다고 해야하나.. 그 간지치킨 맛이 잘 안느껴지더라구요..!,4,4,5
2020년 2월 29일,"간지치킨-순살/1,장스치킨-순살/1",좀 달긴한데 맛있어요 양도 많고 배달시간이 좀 오래 걸린것만 빼곤 좋음,4,5,4
2020년 2월 29일,후라이드/1(추가선택(웨지감자)),맛은 괜찮은데  배달이 너무 오래 걸렸어요,5,5,3
2020년 2월 27일,[추천]더매운고추윙봉세트25조각/1,"매운맛이 땡겨서 일반과 더매운중에 고민고민하다가..
더매운으로 주문했는데 성공적이었어요~ 
시기적으로 배달이 많다보니 꽤 늦은 도착이었지만.. 
여러모로 만족스러운 맛이었어요^^",5,4,1
2020년 2월 25일,"크리스피치킨/1,장스치킨/1",맛있게 잘 먹었습니다.,5,5,5
2020년 2월 25일,"고추치킨/1,웨지감자/1,생맥주 1,000cc/1",바삭하고  맛있었어요~,5,5,3
2020년 2월 24일,후라이드 순살＋더매운고추 순살/1(음료 사이즈 변경(콜라1.25L로 변경)),주말이라 배달 시간이 1시간이 지나고 더지나서 받았지만 맛있게 먹었습니다~~  그런데 바쁘셨는지 고추치킨이 좀더 많았습니다^^  후라이드를 애둘이 먹을라니 양이ㅜ 그래도 맛은 굿~~,5,5,5
2020년 2월 23일,후라이드＋양념치킨/1(추가선택(무 추가)),배달도 빠르고 조각은 작지막 부드럽고 육즙?이있어여.양념치킨 담백합니다.맛있게 먹었습니다.,5,5,5
2020년 2월 22일,"간지치킨＋고추치킨/1,쫀득치즈볼（5개）/1",간지 고추 반반 시켰는데 양도 적당하고 감자튀김도 양념이 잘 베어 있네요. 치즈볼은 바삭하고 안이 쫄깃해서 맛있어요!,4,5,4
2020년 2월 21일,"간지치킨＋고추치킨/1(음료 사이즈 변경(콜라1.25L로 변경)),치즈스틱/1",항상 맛나게 잘먹어요,5,5,5
2020년 2월 20일,[추천]고추윙봉세트25조각/1,맛있게 잘먹었습니다,5,5,4
2020년 2월 20일,양념치킨/1(음료 사이즈 변경(콜라1.25L로 변경)),너무 늦게 왔어요 근데 배달원 아무말도 않고 그냥 가버려서 기분 별루 였어요,3,4,1
2020년 2월 19일,"후라이드/1(추가선택(양념소스 추가)),간지치킨-순살/1(추가선택(양념소스 추가))","너무 맛있네요~
다음엔 다른 치킨에 도전해볼까해요",5,5,5
2020년 2월 18일,후라이드＋더매운고추치킨/1,다 식어서 왔어요..바삭함은 느낄 수도 없고..반반 시켰는데..소스가 다른쪽에 다 흘려져 있고..다신 시키고 싶지 않네요,2,3,3
2020년 2월 17일,간지치킨＋고추치킨/1,바삭 단짠단짠 살짝 매콤해요~,5,4,5
2020년 2월 16일,"간지치킨＋고추치킨/1(음료 사이즈 변경(콜라1.25L로 변경),추가선택(양념소스 추가,마요네즈소스 추가,무 추가,웨지감자))","처음 먹어봤는데 교촌보다 좋아요ㅎ
넘 맞있어서 다먹고 찍었네요......",5,5,5
2020년 2월 14일,고추치킨/1(추가선택(마요네즈소스 추가)),배달조금늦어지만 ㄱㅊ나용,4,4,3
2020년 2월 9일,고추치킨＋양념치킨/1,맛났어요 양념이 특히 맛나요,4,4,4
2020년 2월 9일,더매운고추치킨/1,너무 매운것 같습니다..,2,2,3
2020년 2월 9일,"간지치킨＋고추치킨/1,고추튀김/1,매운양념소스/1",맛있게 잘 먹었어요. 나중에 또 시킬께요.,5,5,5
2020년 2월 8일,[추천]고추윙봉세트25조각/1,친구가 추천해줘서 60계치킨에서 처음 시켜먹어볻건데 고추윙봉 심각하네요;; 세상에 너무 맛있어요ㅠㅠㅠ♡♡♡: 마요네즈도 주시는데 저는 찍어먹으니까 고소하면서 느끼하면서 매콤하면서 짱이었어요! 양도 많고 콜라도 주시고 치킨무도 주세요 전 화곡점 추천합니다👍👍,5,5,5
2020년 2월 8일,"간지치킨＋고추치킨/1,[추천]고추윙봉세트25조각/1",맛있어요 ~ ~~~~~,5,5,5
2020년 2월 4일,[추천]간지윙봉세트25조각/1,맛과  양을  조금더 업데이트 하시길을...,4,4,5
2020년 2월 3일,고추치킨＋장스치킨/1,맛있어요 다음에 또 시킬께요,5,5,5
2020년 1월 31일,간지치킨-순살/1,"요기요 치킨 행사날이라 좀 늦은것 같아요
주문리스트에는 85분예상이었는데 20분 더걸려서 도착했구요
무엇보다 뚜껑열고 깜놀했네요 
바로 앞전에 먹었던 순살도 양이 원래 이리 적었는가 싶던데요
처음으로 주방저울위에 올려봤네요",4,2,2
2020년 1월 31일,간지치킨/1,맛있게 잘먹었습니다.!,5,5,5
2020년 1월 29일,"간지치킨＋고추치킨/1(음료 사이즈 변경(콜라1.25L로 변경),추가선택(무 추가))",왜케뻣뻣한지모르겟네 다른지점먹어봐야겟다,2,5,5
2020년 1월 27일,후라이드＋6초치킨/1,"자꾸생각나요ㅋ 6초치킨이~~~ 
배달시간도 괜찮고 맛나요^^",5,5,5
2020년 1월 26일,"간지치킨-순살/1,후라이드 순살＋더매운고추 순살/1(음료 사이즈 변경(콜라1.25L로 변경))",배달빠르고 맛있어요~,5,5,5
2020년 1월 25일,간지치킨＋고추치킨/1,굿~~~~~~~~~,3,3,5
2020년 1월 24일,간지치킨 순살＋장스치킨 순살/1(음료 사이즈 변경(콜라1.25L로 변경)),맛이랑 뱌달은 좋은데 양이 점 적은거 같아요,5,4,5
2020년 1월 23일,"봉 15조각/1(치킨종류선택(간지치킨)),봉 15조각/1(치킨종류선택(고추치킨)),윙 15조각/1(치킨종류선택(고추치킨)),콜라 1.25L/1",무를 안주는게 치명적인 단점...,3,2,2
2020년 1월 23일,"간지치킨/1(음료 사이즈 변경(콜라1.25L로 변경),추가선택(웨지감자))",맛있어요~~~~~~~~,5,5,5
2020년 1월 22일,고추치킨＋6초치킨/1,요즘 60계 치킨에 빠졋어용^^,5,5,5
2020년 1월 21일,[추천]간지윙봉세트25조각/1,"매우 만족합니다^^
이제 치킨은 60계죠 ㅎㅎㅎ",5,5,5
2020년 1월 17일,[추천]간지윙봉세트25조각/1,"생각보다 빨리 배달되어서 깜짝놀랐어요 
맛도 최고에요",5,5,5
2020년 1월 15일,"양념치킨/1(음료 사이즈 변경(콜라1.25L로 변경),추가선택(웨지감자))",넘오래기다려서 먹었지만 넘넘 맛나게 먹었어요 ~~~,5,5,4
2020년 1월 14일,후라이드＋양념치킨/1(추가선택(무 추가)),감자가 없음 ㅠ.좀 한결같았음좋겠어여,4,4,5
2020년 1월 14일,간지치킨＋양념치킨/1,배달 시간이 칼같네요 딱 예상시간에 도착,5,5,5
2020년 1월 11일,"[추천]간지윙봉세트25조각/1,쫀득치즈볼（5개）/1",1111111111,3,4,3
2020년 1월 9일,간지치킨/1,맛있고 빨리 배달와서 좋았어요,5,5,5
2020년 1월 9일,후라이드＋양념치킨/1(추가선택(웨지감자)),비가와서 많이 걸리긴했지만요 넘나  맛나게 먹었어요 감사합니다~~담엔 양념만 시켜야겠어요 양념을 더 좋아하네용~~^^,5,5,5
2020년 1월 8일,"간지치킨＋고추치킨/1,쫀득치즈볼（5개）/1,똥집튀김/1,콜라 1.25L/1",다 먹었어요 너무 맛있어요,5,5,5
2020년 1월 7일,간지치킨＋양념치킨/1(음료 사이즈 변경(콜라1.25L로 변경)),오랜만에 주문했어요 맛있었어요,4,4,4
2020년 1월 7일,후라이드＋더매운고추치킨/1(추가선택(무 추가)),매번 맛있어요 양도 많구요 매운소스도 맛있어요,4,5,5
2020년 1월 6일,간지치킨＋고추치킨/1,8시25분정도 주문해서 9시30분 정도 받었는데요..  주문이 많이 밀리셨는지.. 어쨌는지 치킨이 제대로 튀겨지질않었네요..  덜 튀겨진 닭맛 아시죠???몇개 먹었더니 입맛이 뚝..  이걸 먹어야할지 말아야할지 고민이네요,3,3,4
2020년 1월 6일,"[추천]간지윙봉세트25조각/1,콜라 1.25L/1",깔끔하고 맛있어요 ㅎㅎㅎㅎㅎ,5,5,5
2020년 1월 6일,고추치킨/1,맛잇ㅅ고 양도 많아요.,5,5,5
2020년 1월 5일,간지치킨 순살＋고추치킨 순살/1,배달 예상시간 70분 뜨길래 오래 걸리는건 각오하고 있었지만 다 식어서 왔고 맛이 없어요.. 실망이네요,3,4,1
2020년 1월 5일,"간지치킨-순살/1,쫀득치즈볼（5개）/1,콘치즈볼（5개）/1,웨지감자/1",맛있게 잘 먹었습니다~,5,5,5
2020년 1월 5일,"[추천]간지윙봉세트25조각/1,쫀득치즈볼（5개）/1",믿고먹는 60계치킨❤️,5,5,4
2020년 1월 3일,후라이드＋양념치킨/1(추가선택(무 추가)),"항상 시켜먹는데 오늘은 조각이넘자잘하게대있어서 후라이드는 후추?소금 그게
뭉쳐있어 엄청짜드라구요..",4,4,5
2019년 12월 30일,간지치킨＋고추치킨/1,"배달이 너무 오래걸려 치킨이 식어서 아쉬웠어요ㅠㅠㅠ 
그래두 소스맛이 맛있었어요~",2,2,1
2019년 12월 30일,후라이드＋간지치킨/1,"맛있어요 두번째시켜서먹었어요
담에또 먹을꺼에요",4,3,3
2019년 12월 27일,간지치킨/1,치킨이 너짜네요......,2,3,3
2019년 12월 26일,"고추치킨/1(추가선택(양념소스 추가,마요네즈소스 추가))",좀 식었어요.....,4,4,2
2019년 12월 25일,고추치킨/1,맛은 있는데 닭다리가 덜익어 아쉬움이 있네요 피가 안보였으면  더 좋았을걸  다음 엔 다리에 칼집을 더넣으면  합니다,3,3,5
2019년 12월 24일,똥집튀김＋닭봉15조각/1(사이드 옵션(캔콜라)),"신속한배달과! 언제나 맛있는 60계네요~
오늘도 너무 맛있게 먹었습니당~~~",5,5,5
2019년 12월 24일,[추천]간지윙봉세트25조각/1,배달도 빠르고 맛있어요:),5,5,5
2019년 12월 24일,크리스피치킨/1,"진짜맛잇음.
권장합니다.
치킨안조아하는데 와.",4,4,4
2019년 12월 22일,후라이드＋양념치킨/1(음료 사이즈 변경(콜라1.25L로 변경)),맛맛맛잇잇잇엇엇엇욧욧욧,5,5,5
2019년 12월 21일,"간지치킨＋고추치킨/1,쫀득치즈볼（5개）/1",다른 치킨들과는 달리 자극적이지 않아 질리지 않아서 맛있게  잘먹었어오! 특히 고추맛은 마요네즈랑 찍어먹으니 꿀맛입니다~ 그리구 치즈볼도 🖒🖒배송이 좀 느려서 아쉽긴 했지만  다음에 또 사먹을것 같습니다,4,4,3
2019년 12월 20일,후라이드＋양념치킨/1(추가선택(무 추가)),튀김옷얇고 특히 양념이 단백해서 맛있어여,5,5,5
2019년 12월 19일,"[추천]간지윙봉세트25조각/1,마요네즈소스/1",맛있어요. 근데 원래 캔콜라 하나가 왔던거 같은데 이번엔 안왔네요 ㅠ,5,5,5
2019년 12월 16일,"봉 15조각/1(치킨종류선택(간지치킨)),[추천]간지윙봉세트25조각/1",맛있게 잘먹었습니다~,5,5,3
2019년 12월 15일,고추치킨＋더매운고추치킨/1,맛나게 먹었습니다,5,5,5
2019년 12월 15일,[추천]간지윙봉세트25조각/1,"아진짜 ㅠㅠㅠ 역시 60계는 배신 하지
않아요 ㅎㅎㅎㅎㅎ
진짜 간지윙봉 맛있습니당 ㅎㅎㅎ",5,5,5
2019년 12월 13일,간지치킨-순살/1(추가선택(웨지감자)),치킨을 맛있게 먹었습니다,5,5,5
2019년 12월 12일,"후라이드＋양념치킨/1,치킨 무/1",맛있게 잘먹었어여.양이들쑥날쑥이지만 튀김 옷얇아 여기만먹음,5,4,4
2019년 12월 12일,후라이드＋간지치킨/1,맛있게 잘먹었습니다~!,5,5,5
2019년 12월 12일,간지치킨＋고추치킨/1,처음 먹어봤는데 양념도 고추도 웨지감자도 너무너무맛있었어요 ㅎㅎㅎ,5,5,5
2019년 12월 11일,"양념치킨/1,웨지감자/1","양념 맛있네요
잘 먹었습니다
결제가 안된줄 알았습니다ㅠㅠ",3,3,3
2019년 12월 11일,후라이드＋간지치킨/1,배달이 1시간 20분 정도 만에 와서 좀 빡쳤었는데 진심 너무 맛있어서 그 빡침 다 내려앉았습니당 양도 좀 적었는데 그래도 존맛이라 괜찮아요 간지치킨 ㄹㅇ 존맛이네여ㅜ,5,4,3
2019년 12월 11일,간지치킨-순살/1,퍽퍽살이좀잇네요 살짝아쉬움,3,5,5
2019년 12월 10일,후라이드/1,맛있게 잘 먹었어요~~,5,5,5
2019년 12월 10일,후라이드＋간지치킨/1(음료 사이즈 변경(콜라1.25L로 변경)),이번엔 빨리 왔음^^,5,5,5
2019년 12월 9일,"고추치킨-순살/1,후라이드＋더매운고추치킨/1(추가선택(웨지감자)),쫀득치즈볼（5개）/1",맛있게 잘 먹었습니다~,5,5,5
2019년 12월 8일,"윙 15조각/1(치킨종류선택(더매운고추치킨)),콘치즈볼（5개）/1",와 매운정도가 너무 좋아요!!,5,5,5
2019년 12월 8일,"간지치킨＋고추치킨/1,쫀득치즈볼（5개）/1","치킨이 다 눅눅하게 식어서 오긴 했는데.. 제가 좀 멀리있는 지점 거를 시켜서 그런 것 같기도 하고,,, 앞으로 좀 거리있는 지점에선 되도록 주문 안해야겠어요. 치즈볼은 겉 반죽이 두꺼워서 치즈맛이 거의 안느껴지는 느낌이었어요 ㅠ 치즈가 좀 더 많으면 더 맛있을 것 같아요!",3,3,3
2019년 12월 3일,후라이드＋양념치킨/1(추가선택(무 추가)),맛나게잘머거써여.오늘은 감자도 많이주션네여!감사합니당,5,5,5
2019년 12월 1일,"간지치킨/1(추가선택(마요네즈소스 추가)),고추치킨/1",확실히 기름이 깨끗하네요,5,5,5
2019년 11월 30일,간지치킨/1,맛있게 잘 먹었어요,5,5,5
2019년 11월 30일,더매운고추치킨/1,"고추치킨보다 덜매울줄 알고시켰는데
대에박~~~ㅋ 친구들이랑만 먹는걸로~~
아주맛있었어요 매웠지만요~^^",5,5,5
2019년 11월 29일,간지치킨＋고추치킨/1(추가선택(웨지감자)),"굉장히 별로였습니다.
배달이 늦은것은 당연하고 축축하게 젖어 뭉쳐있는 웨지감자는 우리집 강아지도 먹기 힘들어할정도입니다.
다시는 시킬 생각이 들지 않습니다.
단 1도 없습니다.",1,1,1
2019년 11월 29일,간지치킨＋고추치킨/1,맛있어요  딸이 참좋아하네요,5,5,4
2019년 11월 27일,후라이드/1,배달 진짜 빠르고 존맛입니다. 60계치킨 처음먹어봤는데 이제 60계치킨 자주 시켜먹을거에요.,5,5,5
2019년 11월 27일,간지치킨＋장스치킨/1(추가선택(웨지감자)),너무너무 맛있어요 짱,5,5,5
2019년 11월 24일,"고추치킨/1,양념치킨/1","생각보다 맛있었습니다.
양은 다른 치킨집보다 진짜 많은것같아요~ 
잘먹었습니다~^^",4,5,5
2019년 11월 22일,6초치킨-순살/1,"우선배달분이잘못된건지아님매장에서주문이밀린건지모르겠으나9:35분에시켜75분내외도착이랬는데11시가다되어가도안와서전화했더니아직출발도안했더군요
배달도착시간이정확히벨누른시간11:21분입니다 좀더늦었음2시간입니다
거기다가 치킨이 따뜻한것도 아니고 안쪽만 살짝 미적지근한정도고이정도로늦고식혀서올꺼면차라리전화를해서주문이밀렸다고하시던가너무한것같네요
그리고젓가락체크도안했는데젓가락도없네요 치킨하나에 2시간 가까이 기다려보긴 진짜 처음입니다 치킨은 맛있는데 식어서 오고 다음에도 이런식일까봐 시키기는 두렵네요",4,4,1
2019년 11월 22일,"봉 15조각/1(치킨종류선택(간지치킨)),다리 6조각/1(치킨종류선택(후라이드))",생각보다 많이 늦게오네요,3,3,1
2019년 11월 21일,후라이드＋양념치킨/1(추가선택(무 추가)),잘먹었습니다.튀김옷얇아 좋아여,5,5,4
2019년 11월 19일,간지치킨-순살/1,맛있어요 또 생각나네요,5,5,5
2019년 11월 18일,"6초치킨/1(추가선택(마요네즈소스 추가)),마요네즈소스/1",여전히맛있네요...,4,4,4
2019년 11월 18일,"봉 15조각/1(치킨종류선택(후라이드)),다리 6조각/1(치킨종류선택(간지치킨)),콜라 1.25L/1",맛있었어요 근데 후라이드에서 오징어튀김 맛이 살며시 느껴지던데 저만 그런거였을까요?,3,3,3
2019년 11월 17일,후라이드＋양념치킨/1(추가선택(무 추가)),항상주문하는곳인데 요즘 들어 배달이 마니늦네요 ㅠ 60분찍혔는데 온건 90분. . 이럴땐 기존고객들에게 몬가 오해없는 대처방안이 필요할꺼같네요.전화해도 주문밀렸으니 걍 취소하란식이니. .잘먹었습니다,5,5,1
2019년 11월 16일,더매운고추치킨/1,맵긴 매워요 배달은 딱 70분? 예정 시간은 맞았어요,5,5,5
2019년 11월 16일,후라이드＋간지치킨/1,굿 맛나네요 ㅎㅎ 냠냠,5,5,5
2019년 11월 15일,후라이드＋간지치킨/1,비가와서 예상보다 더 오래 걸렸네요,4,4,3
2019년 11월 15일,"봉 15조각/1(치킨종류선택(간지치킨)),윙 15조각/1(치킨종류선택(고추치킨))",기대가 너무 컸나봐요~ 양과 배달은 좋았으나 맛은 쫌 ~애들은 맛이다고 좋아했어요~  찝초름하고 매운거 좋아하는 전 그냥 그랬어요,2,5,5
2019년 11월 14일,"간지치킨＋고추치킨/1,콘치즈볼（5개）/1",아으ㅠㅠ 콘치즈볼 시켰는데요...그냥 치즈볼왔어요.... 너무... 속상하네요..... 오늘 수능보고 온 고삼이라고 .....티내는건 아니지만..........많이 바쁘셨나요.......?...........ㅠ.....아이.....참........다음에 콘치즈볼 두개주실건가요...........?,3,3,3
2019년 11월 14일,후라이드＋고추치킨/1,예상시간보다 늦는 배달 ㅠ 배달만 한시간반걸렸습니다 보완이 되면 좋겠네요,3,3,1
2019년 11월 13일,"후라이드/1(음료 사이즈 변경(콜라1.25L로 변경)),떡볶이/1",처음시켜먹는데 맛있내요~애들도잘먹어요,5,5,5
2019년 11월 12일,후라이드＋간지치킨/1,"처음 배달시켜먹었는데. 잔뼈가 너무씹혀 
먹기불편했어요.",3,3,5
2019년 11월 12일,"간지치킨＋양념치킨/1(음료 사이즈 변경(콜라1.25L로 변경)),쫀득치즈볼（5개）/1",맛잇어용~~~~~~,5,5,5
2019년 11월 11일,간지치킨＋더매운고추치킨/1,"여기는 항상 맛있죠~
잘 먹었습니다!",5,5,5
2019년 11월 9일,후라이드＋더매운고추치킨/1,첨 주문했는데  맛두있구 배달두 빨리왔네요,4,4,5
2019년 11월 8일,고추치킨＋6초치킨/1,"배달 빠르고  친절합니다.
6초치킨 엄청 맵지만 맛있네요",4,5,5
2019년 11월 7일,더매운고추치킨-순살/1(추가선택(마요네즈소스 추가)),더 매운 고추치킨 진짜 매웠는데 맛있었어요,4,4,4
2019년 11월 6일,간지치킨/1,맛있어요~~~~~~,5,5,5
2019년 11월 4일,"간지치킨＋고추치킨/1(추가선택(마요네즈소스 추가,무 추가)),떡볶이/1",맛있습니다.,5,5,5
2019년 11월 3일,고추치킨/1,처음 먹어보는데 맛있네요 ^^,5,5,5
2019년 11월 3일,6초치킨/1(추가선택(마요네즈소스 추가)),정말 6초 뒤에 맵네요.,4,5,5
2019년 11월 3일,"[추천]간지윙봉세트25조각/1,똥집튀김/1,콜라 1.25L/1",진리. 닭의진리죠...,5,5,5
2019년 11월 3일,"간지치킨/1,콘치즈볼（5개）/1","양, 맛, 배달 모두다 만족했어요! 진짜 맛있게 먹었어요~",5,5,5
2019년 11월 2일,"후라이드＋양념치킨/1(추가선택(양념소스 추가,웨지감자))",맛나고 특히 웨지감자 맛나요,5,5,5
2019년 11월 1일,간지치킨/1,배달이 조금 오래 걸려서 치킨이 식었네요 그래도 맛있음,5,4,3
2019년 11월 1일,"더매운고추치킨-순살/1(음료 사이즈 변경(콜라1.25L로 변경),추가선택(웨지감자)),마요네즈소스/1",맛있게 잘먹었습니다. 처음으로 더 매운 고추치킨시켯는데 화끈하네요,5,5,5
2019년 10월 31일,후라이드/1(추가선택(웨지감자)),맛있게 잘 먹었어여,5,5,5
2019년 10월 30일,[추천]간지윙봉세트25조각/1,배달도 빠르고 맛있어요~~,5,5,5
2019년 10월 29일,"후라이드/1(음료 사이즈 변경(콜라1.25L로 변경),추가선택(웨지감자))","왜 60계치킨 60계치킨하는지 드디어 알게됐네요!!!!!
치킨이 어쩜이렇게 바삭바삭하죠ㅜㅠ
튀김도 얇아서 안느끼하고 양도 많네요!!!
배달도 딱 시간맞춰오셨어요><",5,5,5
2019년 10월 29일,후라이드 순살＋양념치킨 순살/1,"너무너무 맛없네요 
배달은 한시간이 넘고~#
튀김은 눅눅하고 두점 먹고 버렸네요",1,1,1
2019년 10월 29일,간지치킨＋고추치킨/1,간지치킨이 왜 마늘맛이 많이 나죠? ㅠㅠ 아이주려도 주문했는데 맵다고 해서 어른이다 먹었어요..,3,3,3
2019년 10월 28일,[추천]간지윙봉세트25조각/1,원래 마요네즈소스오는거로 아는데 안왔네여 따로 구매로 바낀건가요?,5,5,5
2019년 10월 27일,"후라이드/1,쫀득치즈볼（5개）/1",굿굿굿굿굿~~!!!,5,5,5
2019년 10월 25일,[추천]고추윙봉세트25조각/1,배달도 예상시간보다 빨랐고 맛있어요 :),5,5,5
2019년 10월 25일,"[추천]간지윙봉세트25조각/1,쫀득치즈볼（5개）/1",맛있어요! 치즈볼이랑 치킨 안에 든 감자도 너뮤 맛있어요ㅎㅎ,4,4,4
2019년 10월 21일,"간지치킨＋고추치킨/1(추가선택(마요네즈소스 추가,델리소스 추가))",기대 많이하고 주문했는데 치킨 너무 미지근하게 식어서 왔네요 ..,3,3,1
2019년 10월 20일,간지치킨/1,윙봉메뉴인줄 알았는데 아니었네용 맛있었습니다,5,5,5
2019년 10월 20일,"간지치킨/1,쫀득치즈볼（5개）/1",간지치킨과 치즈볼 맛 있게 먹었어요.,5,5,5
2019년 10월 20일,간지치킨/1,맛있는 치킨을 먹었어요,5,5,5
2019년 10월 19일,간지치킨-순살/1,양도 많구요~ 애가 간지순살 너무 좋아해요~ 자주 먹게될듯 하네요. 6초 치킨 도전하라고 애가 자꾸 꼬시네요 ㅋ 사진은 이미 먹고난 후라...,5,5,5
2019년 10월 18일,"간지치킨/1(음료 사이즈 변경(콜라1.25L로 변경)),쫀득치즈볼（5개）/1",맛있네요 아이가 좋아합니다,5,5,5
2019년 10월 18일,"[추천]간지윙봉세트25조각/1,치킨 무/1","아,지금껏 이미지 좋았는데 그만먹겠습니다 8시쯤 배달시켰는데 지금껏 비슷한시간에 시키면 40~50분만에 왔는데요. 일부로 식혀서 오신건지 100분 넘게 걸리시고요. 애기가 먹는다고 기다리다 자고 마른 감자 감사하고요. 배달잘못같긴한데 지금껏 10회이상 먹었는데 최악이네요.",5,5,1
2019년 10월 18일,"간지치킨＋고추치킨/1,웨지감자/1,치즈스틱/1",맛있게 잘먹었습니다,4,4,5
2019년 10월 13일,간지치킨＋고추치킨/1,"배달이 너무 늦어요.
80분이 뭡니까?",4,4,1
2019년 10월 13일,간지치킨/1,양은 좀 적었지만 둘이서 맛있게 먹었습니다! 마요네즈도 같이 왔는데 약간 흠.....,5,4,4
2019년 10월 12일,"간지치킨 순살＋고추치킨 순살/1,마요네즈소스/2",치킨은 역시60계입니다. 다만 마요네즈소스 두개추가했는데 하나만 왔어요.ㅜㅜ 매장에 통화후 다음주문시  미리얘기하면 서비스 주신다했네여. 맛있어서 또 주문해야겠어여^^,5,5,5
2019년 10월 11일,"후라이드＋간지치킨/1,똥집튀김/1","비록 제가 주문을 실수해서 간지치킨이랑 후라이드 반반 으로 먹었지만 맛있었어요 닭똥집도 존맛이네요! 강추 양만 쫌 많았으면 더 좋을거 같아요 
다음엔 고추치킨이랑 후라이드를 시켜보려고요ㅋㅋ 
맛있게 잘먹었습니다",5,4,5
2019년 10월 10일,후라이드 순살＋장스치킨 순살/1,"배달 진짜 빨랐고요
60마라만 튀기고 기름을 바꾼다더니
확실히 튀김옷이 깨끗하고
기름 냄새도 없었어요
번창하세요",4,3,5
2019년 10월 9일,고추치킨＋양념치킨/1(추가선택(무 추가)),배달이 너무 늦어요 기다리다지쳐요,4,4,3
2019년 10월 8일,후라이드＋간지치킨/1(음료 사이즈 변경(콜라1.25L로 변경)),생각보다 빨리 배달 해줬어요 양도 많고 정말 맛있습니다,4,4,4
2019년 10월 8일,후라이드/1,배송두 빠르고 맛도 좋아요,5,5,5
2019년 10월 7일,후라이드＋양념치킨/1(추가선택(무 추가)),맛있게 잘먹었습니다!,5,5,5
2019년 10월 7일,고추치킨/1,"너무맛있어요
별로맵진않구요 맛있네요~
무엇보다 조각이작아서 맘에들어요",5,5,5
2019년 10월 6일,간지치킨＋고추치킨/1,"맛있게 잘 먹었습니다.
다만 간지치킨에 뿌려져있는 하얀것이 설탕인가요? 씹을 때 마다 좀 불편하게 하네요.
그래도 배달도 빠르고 좋았습니다.",4,3,4
2019년 10월 5일,[추천]간지윙봉세트25조각/1,맛 양은 굿 배달은 100분가량 걸렸습니다. 배달이 오래걸리네요,5,5,1
2019년 10월 5일,"간지치킨-순살/1,고추치킨-순살/1","빠른배송에 진심으로 감사드려요.
간지랑 고추치킨 주문했는데 가족들은 고추치킨을 더좋아했어요. 맵지않았고 더부드러웠어요. 잘먹었습니다.",5,5,5
2019년 10월 3일,"6초치킨/1,치밥볼（12개）/1,웨지감자/1",6초 치킨은 첨 시켰는데 역시나 맛있어요!,5,5,5
2019년 10월 3일,후라이드＋고추치킨/1,"바싹하고 맛있게 는 맵다는치킨이 ...
매운맛은 좋았는데 후라이드가 재탕을한건지...
너무 튀겨지고 딱딱하게 구워져서 정말 실망했어요.",3,3,4
2019년 10월 2일,[추천]간지윙봉세트25조각/1,정말 맛없게 먹었네요.. 처음 먹었을때는 맛있게 먹어서 또 주문 했던건데 정말 여러가지로 실망했네요 고객 무시하지 마세요 치킨집은 많습니다..,1,1,1
2019년 10월 2일,"봉 15조각/1(치킨종류선택(고추치킨)),윙 15조각/1(치킨종류선택(간지치킨))",요청사항 못들어 주시면 말 한마디라도 해주는게 예의아닌가요? 바쁘다고 무시하시는 자세 그리고 배달 90분 넘어서 받고 아무튼 기분 참 더러워서 맛없게 먹습니다 ^^ 여자 직원도 말투 뭔가 좀 그렇네요,1,1,1
2019년 10월 2일,간지치킨＋고추치킨/1,처음 박스를 열었을때는 양이 적을거라 생각했는데 생각보다 많아서 좋았습니다! 고추맛도 간지맛도 너무너무 맛있었습니당!,4,4,5
2019년 10월 2일,후라이드＋양념치킨/1(추가선택(무 추가)),역시 맛있어요.오늘은 마요네즈소스주셔서 양념치킨에 같이먹었어요. 완젼살찌는맛인데 맛있어서 다먹음 ㅠ,5,5,5
2019년 10월 1일,[추천]간지윙봉세트25조각/1,너무맛있게먹었습니디,5,5,5
2019년 9월 30일,간지치킨＋고추치킨/1,맛있습니다.,5,5,5
2019년 9월 30일,간지치킨/1,아이들 줄려고 간지 치킨을 시켰는데 안매울줄 알았는데 아주 약간 매콤 하더라구요................맛도 첨엔 어른이먹긴 좋았는데  먹다보니 금방 질려서 못 먹었어요....,3,4,5
2019년 9월 29일,고추치킨/1,배달도 빠르고 맛있었어요!,5,5,5
2019년 9월 29일,고추치킨/1,60계치킨 넘 맛있어요,5,5,5
2019년 9월 29일,간지치킨-순살/1,깔끔한 맛. 정성스런 포장 감사,5,5,3
2019년 9월 29일,후라이드 순살＋고추치킨 순살/1(음료 사이즈 변경(콜라1.25L로 변경)),다음엔 더 많이 시켜야겠어요,4,2,3
2019년 9월 28일,"고추치킨＋양념치킨/1(음료 사이즈 변경(콜라1.25L로 변경),추가선택(웨지감자))",배달이 많이 밀렸다지만 넘 오래걸리네요...그래도 웨지감자 양을 많이주신건지 원래양인지는 모르겠는데 양도 많고 치킨도 맛있었어요,4,5,1
2019년 9월 28일,"[추천]고추윙봉세트25조각/1,쫀득치즈볼（5개）/1",맛있어요.고추윙봉또시킬거에요,5,5,5
2019년 9월 27일,"간지치킨/1(음료 사이즈 변경(콜라1.25L로 변경)),쫀득치즈볼（5개）/1,똥집튀김/1","배달이 엄청 늦었어요...
누룽지가루도 많이 뿌려주시면 더 맛있을것같아요",4,4,1
2019년 9월 27일,"간지치킨 순살＋고추치킨 순살/1,카스 병/1","맛있었는데 양이 조금 아쉬웠네요

그리고 순살 시켰는데 마지막 한 조각은 뼈였어요...

살짝 씹었는데 뼈 같아서 뱉긴 했는데 일부러 그러신건 아니겠지만 조금 더 확인해 주셨으면 좋을 것 같네요...",5,3,4
2019년 9월 26일,후라이드/1,조카둘이 먹어  치웟네요 말해뭐해,5,5,5
2019년 9월 25일,[추천]고추윙봉세트25조각/1,확실히 사람들이 고추윙봉을 더조아하는 이유가있었어여~,5,4,5
2019년 9월 24일,간지치킨/1,간지 치킨 처음 먹어보는데 맛있었어요~!,5,4,4
2019년 9월 24일,"윙 15조각/1(치킨종류선택(고추치킨)),쫀득치즈볼（5개）/1,콜라 1.25L/1",맛있게잘먹었습니다,5,5,5
2019년 9월 24일,"6초치킨 순살＋더매운고추 순살/1(음료 사이즈 변경(콜라1.25L로 변경)),고추튀김/1,매운양념소스/1",치킨 양이 좀 많으면 좋을텐데   양이 좀 적네요 맛은 진짜 맵네요 먹고 물만 찾음 ㅋ 굿  다음에 또 먹겠음,5,4,5
2019년 9월 24일,후라이드 순살＋간지치킨 순살/1,"다음부터는 절대 안시켜요
후라이드 간지를 반반 했는데
고추 후라이드를 주고
다시 재 배달 해주신것 까지는 참우류 감사하지만
치킨인디 감튀인지 
반마리로 하나를 포장을 한건지 알 수 없는 양이네요
절대 안시켜요",1,1,1
2019년 9월 24일,후라이드 순살＋고추치킨 순살/1,아이들과 같이먹기위해 순살 처음으로 시켜봤는데 맛있네요~😋,5,5,5
2019년 9월 24일,후라이드＋간지치킨/1(음료 사이즈 변경(콜라1.25L로 변경)),맛있어요 그란데 닭이너무작아요 ㅠㅠ 바로튀긴게아니라 튀겨놓은거ㅜ데펴온느낌 지난번에는 닭색깔이 예뻣는데 이번애는 너무 검으칙칙해요ㅠㅠ,4,4,4
2019년 9월 23일,다리 6조각/2(치킨종류선택(후라이드)),한동안 부분육 다리만6개 메뉴가 없어져서 아쉬웠어요. 이 메뉴가 익히는 시간이 오래걸려서 주문메뉴에서 없앤 지점이 많다더라구요ㅠㅠ 화곡점에서는 계속 주문가능했으면 좋겠어요! 오늘도 맛있습니다^^,5,5,5
2019년 9월 23일,고추치킨＋더매운고추치킨/1(추가선택(웨지감자)),한시간 사십분을 기다렸네요? 50분 걸린다면서요? 요청사항에 벨 누르지 말라했는데 누르네요? 늦는다고 하던가 마냥 기다리는데 짜증나도 좋게 전화 했더니 사과한마디 없네요? 맛은 모르겠고 배고프니 먹습니다.,1,1,1
2019년 9월 22일,"[추천]간지윙봉세트25조각/1,콜라 1.25L/1",항상 아이들이 젛아하고 잘먹는 잇템이죠,5,5,5
2019년 9월 20일,"더매운고추치킨/1,쫀득치즈볼（5개）/1,고추튀김/1","어머니가 매운치킨 먹고싶어하셨는데 만족하셨어요~
고추튀김, 치즈볼도 맛있었습니다!",5,5,5
2019년 9월 20일,간지치킨＋고추치킨/1,너무 맛있게 잘먹었습니다! 맛있어요,5,5,5
2019년 9월 19일,장스치킨/1(추가선택(무 추가)),매번 시켜먹는 장스 인데요 오늘은 많이 바쁘셨나봐요ㅜㅜ.후라이드인줄요...담엔 소스 제대로 무쳐서 보내주세요^^,3,5,3
2019년 9월 18일,간지치킨＋더매운고추치킨/1,후라이드만 먹어보다가 고추랑간지 주문했는데 더매운고추맛있네용~~맵긴하지만 맛있게매워요 매운것도오래안가고~ 간지도맛있었어요,5,5,5
2019년 9월 16일,고추치킨/1,고추치킨 첨 먹어봤는데 존마탱,5,5,5
2019년 9월 15일,후라이드/1(음료 사이즈 변경(콜라1.25L로 변경)),배불리먹었어요 정해진시간에왔구요,5,3,5
2019년 9월 15일,간치치킨 순살＋더매운고추 순살/1(음료 사이즈 변경(콜라1.25L로 변경)),칼칼하고먹을만은한데 바삭한게 좋아하는 제입에는 아쉬웠어요,4,4,4
2019년 9월 14일,간지치킨＋더매운고추치킨/1,"너무 맛있어요 배달시간만 좀 빨라지면
좋을듯합니다",5,4,4
2019년 9월 14일,후라이드/1(추가선택(웨지감자)),바쁜건 알겠지만 배송이 1시간반을 기다려도 안왔어요 ㅡ.ㅡ,5,5,1
2019년 9월 11일,간지치킨＋고추치킨/1,맛있는거 많이 먹고,5,5,5
2019년 9월 10일,후라이드＋간지치킨/1(음료 사이즈 변경(콜라1.25L로 변경)),"맛은 그냥 그래요~
배달은 빨랐습니다",3,5,5
2019년 9월 7일,간지치킨/1,깔끔하고 조호ㅏ로운 단짠!!,5,4,1
2019년 9월 5일,"봉 15조각/1(치킨종류선택(간지치킨)),다리 6조각/1(치킨종류선택(후라이드))",굿굿,5,5,5
2019년 9월 4일,고추치킨-순살/1(추가선택(웨지감자)),순살로 고추치킨먹었는데 순살은 별로네요~퍽퍽한 가슴살인지 안심만 많고 먹는데 힘들었어요ㅠ,1,1,2
2019년 9월 3일,후라이드＋양념치킨/1(추가선택(무 추가)),항상 여기만 주문.맛있어여! 빨리 배달해주셔서 감사합니다,5,5,5
2019년 9월 3일,고추치킨/1,"달큼하면서 매콤한느낌?? 기름기가 쫙빠질줄알았눈데 기름기가 너무많아서 ;;;제입에는 쏘쏘
맛있긴했어요",4,5,5
2019년 8월 31일,후라이드＋양념치킨/1,자주시켜 먹는편인대요. 1시갼30이넘어가는데 지치네요 이렇게오래걸린적이 없건만 ㆍㆍ 우야믄 좋노ㅡㅡ;,5,5,1
2019년 8월 31일,"고추치킨/1(추가선택(양념소스 추가,무 추가))","소소 soso
그럭저럭 잘 묵음요",3,5,5
2019년 8월 30일,"[추천]간지윙봉세트25조각/1,똥집튀김/1,콜라 1.25L/1","늘 잘 먹고 있습니다.
똥집에 빠져서 같이 시키느라 출혈이 큽니당...ㅠ.ㅠ",5,5,5
2019년 8월 30일,간지치킨-순살/1,"매콤하네요~~토핑이 풍부해서 좋았어요^^
순삭했습니다",4,5,5
2019년 8월 28일,간지치킨-순살/1,덩어리가 너무 커요 좀만 작게 해주면 좋을거 같네요,5,3,5
2019년 8월 28일,"후라이드/1,콜라 1.25L/1,마요네즈소스/1","늘 한결같이 맛있어요!!!
오자마자 먹느라 사진도 못찍음.",5,5,5
2019년 8월 26일,"후라이드＋양념치킨/1(추가선택(무 추가,웨지감자))",오늘은 배달이 일찍와서 좋았어요,4,4,4
2019년 8월 22일,"[추천]고추윙봉세트25조각/1,떡볶이/1",콘치즈볼 개존맛이요,5,5,3
2019년 8월 18일,더매운고추치킨/1,배달도한시간 ..처음시켰을땐 매콤했는데..오늘은별루맵지 않았어요..~,3,5,4
2019년 8월 18일,"[추천]간지윙봉세트25조각/1,똥집튀김/1,콜라 1.25L/1",항상 만족하며 매주 1회이상 먹었었는데.. 오늘 왠일인지 감자가 시큼 하네요..ㅠ.ㅠ,2,5,5
2019년 8월 17일,"고추치킨/1,후라이드/1(추가선택(양념소스 추가))",맛이별로예요   양만많아요ㅎㅎ,1,4,4
2019년 8월 17일,후라이드/1(추가선택(웨지감자)),맛있어요 그런데 오늘은 좀 짜네요,5,4,4
2019년 8월 16일,후라이드＋양념치킨/1,온가족이 맛나게. 잘묵었으예~♡,5,5,5
2019년 8월 16일,간지치킨/1(음료 사이즈 변경(콜라1.25L로 변경)),"맛은 예상대로 맛있었고
배달 예상시간 정확히 받아서 좋았습니다",5,5,5
2019년 8월 14일,후라이드/1,"기름에너무찌들은맛..역시 티비광고는 믿지말아야함..체인점이라그래서 그런가보다 넘기려고했는데,이건아닌듯..점점가면갈수록 찔기고 맛도없고.기름맛..바삭한느낌 노노",2,4,5
2019년 8월 14일,간지치킨＋양념치킨/1,맛있게 잘먹었습니다,5,5,5
2019년 8월 14일,더매운고추치킨/1,매워용 정말ㅋ근데맛나용,5,5,5
2019년 8월 10일,"더매운고추치킨/1(추가선택(델리소스 추가,무 추가,웨지감자)),콜라 1.25L/1",또주문했어요ㅋ 오늘두번!!,5,5,5
2019년 8월 9일,고추치킨-순살/1,누룽지가루 뿌려주셔서 다시 해달라고 부탁드렸는데 친절하게 다시 가져다 주셨어요... 늘 맛있게 먹었는데 살짝 맛이 변한것 같아서 아쉬워요😭,3,4,4
2019년 8월 8일,"[추천]간지윙봉세트25조각/1,똥집튀김/1,콜라 1.25L/1","치킨의 진리 60계
튀긴 정도도 요청한대로 잘해주고..
똥집은 정말 진리~~",5,5,5
2019년 8월 8일,간지치킨＋고추치킨/1,조금 이영자씨에게 실망 ㅜㅜ,4,2,4
2019년 8월 8일,"봉 15조각/1(치킨종류선택(후라이드)),다리 6조각/1(치킨종류선택(후라이드))",후라이드치킨 정말 맛있네요. 요즘 배달시켜먹는 치킨 대부분 짠맛이 강한데 60계 후라이드 맛있게 잘 먹었습니다. 짜지않고 맛있어요~! 조금전에 또 주문했습니다.,5,5,4
2019년 8월 7일,간지치킨＋고추치킨/1,조카네 치킨파티~~~,4,4,4
2019년 8월 6일,"후라이드＋간지치킨/1(추가선택(양념소스 추가,무 추가))",목빠지게 기다리다가 맛있게 한마리 클리어하고 기절해 잠들었네요 ㅎㅎㅎㅎ 잘먹었습니다,5,5,5
2019년 8월 5일,후라이드＋양념치킨/1(추가선택(무 추가)),여전히 맛있어요-잘먹었습니당!,5,5,5
2019년 8월 5일,후라이드＋고추치킨/1,좋아요 좋아요 좋아요,4,5,5
2019년 8월 4일,후라이드＋간지치킨/1,배달이너무너무느림......,4,4,1
2019년 8월 3일,간지치킨＋고추치킨/1,진짜 혹시나하고 시켰는데 맛있더군요,5,5,5
2019년 8월 2일,후라이드/1,바삭바삭  맛있게 먹었습니다~~,5,5,4
2019년 8월 2일,후라이드＋양념치킨/1,너무타서 왔어요 항상 맛나게먹는디 가끔 겁나 타서오네요. 바삭하긴한데 타서 반이상버리네요,2,5,5
2019년 7월 31일,간지치킨＋고추치킨/1,진짜ㅜ엄청맛있어요!!!!!,5,5,5
2019년 7월 31일,"봉 15조각/1(치킨종류선택(간지치킨)),윙 15조각/1(치킨종류선택(고추치킨)),치킨 무/1",너무 맛있어요~ 60계 치킨,5,4,4
2019년 7월 29일,후라이드＋양념치킨/1(추가선택(무 추가)),맛있어여.양이 적은듯함서 많은건모까여.둘이먹고 남견네여.잘먹었습니당,5,5,5
2019년 7월 29일,간지치킨＋고추치킨/1(음료 사이즈 변경(콜라1.25L로 변경)),"100분기다려서...먹은 60ㄱㅖ......
그래도 서비스 넉넉히.주시고 전화친절하게 받아주시고 
뭐니뭐니해도 존맛이어서 참을수 있었어요...",5,5,3
2019년 7월 29일,후라이드＋간지치킨/1(추가선택(무 추가)),치킨이  맛있어요 배달만 조금 더 빨리오면 좋겠어요,4,4,4
2019년 7월 28일,"후라이드＋간지치킨/1(추가선택(양념소스 추가,무 추가))",오래 기다리긴 했지만 전에 빠진 음료수 가져다 주시면서 웨지감자도 한보따리 챙겨다 주셨네요~ 기분 좋게 맛있게 잘먹었습니다 ^^,5,5,5
2019년 7월 27일,후라이드＋간지치킨/1,goooood enough~~~☆☆☆☆☆,5,5,5
2019년 7월 26일,더매운고추치킨/1,정신없이 먹었어요~~,5,5,5
2019년 7월 26일,"고추치킨/1,6초치킨-순살/1",맛이 조금 느끼했어요,3,3,4
2019년 7월 26일,후라이드/1(음료 사이즈 변경(콜라1.25L로 변경)),육질도 좋고 바삭함도 좋고~최근 배달 치킨 중 최고!!!,5,5,5
2019년 7월 25일,간지치킨＋고추치킨/1,맛있게 잘먹었습니다,4,4,4
2019년 7월 24일,간지치킨-순살/1,아무리 단가가올라갔다해도 양이 너무적네요 소스도 적게묻어있어서 무슨맛으로 먹는지 뻑살만가득...,3,1,4
2019년 7월 24일,후라이드/1,"60계 항상 틀리지않네요
닭이 작지도 않고 맛있어요
더먹고싶어서 양이 더 많았으면 하는 욕심을 부려봅니다.",5,4,5
2019년 7월 23일,후라이드＋고추치킨/1,"중복 할인받아 일부러시켜 먹었네요ㅋ
 고추,후라이드 반반 시켰는데 배달은 90분예정인데 쬐끔 그전에 왔구요ㅎ
쿠폰덕에 치킨집 바빴겠구나 그려러니ㅋ
근데 일반고추 였는데 그전보다 더매웠네요..
진짜매워서 매콤하단단어 못씀ㅋ
더매운고추치킨도 신제품이던데..
고추따라 매움맛이 달라서 그랬겠죠?ㅋ
맥주랑먹으니 치킨이술술~맥주가술술~매우니 술이더 술술~^^",5,5,5
2019년 7월 22일,간지치킨＋양념치킨/1,다 좋았는데 배달이 쪼끔 늦은게 아쉬웠네요ㅠㅠ,5,5,3
2019년 7월 21일,간지치킨/1,바쁜시간이라그런지 진짜오래기다린것말고는 역시맛있어용~^^,5,5,5
2019년 7월 21일,"더매운고추치킨/1,똥집튀김/1",배달은 조금늦었지만 그래도 잘먹었습니다,5,5,2
2019년 7월 21일,"고추치킨-순살/1(추가선택(양념소스 추가,마요네즈소스 추가,무 추가))","배달 느리고
음식에 성의도 없고
평소보다 별로라 이제 여기선 안시킴~",1,1,1
2019년 7월 21일,"후라이드＋양념치킨/1(추가선택(양념소스 추가,웨지감자))",후라이드 ᆢ양념반시켰는데아이들이잘먹었어여ㆍ근데양념에고추가들어있더라고요ㆍ다행이애들이잘먹긴했는데제가생각했던그냥그런양념이아니어서첨에잘못시켰나했거든요ㆍ그래도다행히그리맵지않고맛있었어요ㆍ특히후라이드는정말너무맛있네요^^,4,5,5
2019년 7월 20일,"후라이드＋양념치킨/1(음료 사이즈 변경(콜라1.25L로 변경)),웨지감자/1","준문한지 2시간만에 먹는치킨
준만 1시간만에 전화해서 물어보니 실수로 주문이 늦게들어갔함..아무 연락도없이 가만있다가 전화해서 물어보니까 이런 변명은..
20분뒤 다시 연락와서는 주문이 잘못들어가서 다른치킨이 나왔다고 횡설수설..
두시간만에 배달와서는 인사도 안해 늦어서 죄송하다는 말도 없어 배달하시는분 말 못하시는분이시라면 죄송하지만 이건좀..최소한의 예의도 없는건지..에효
문열어주니 치킨 건네고 카드만 휘받아서 결제하고 '여기요'하고 가버림..
아! 요기요에서 시켜서 그랬나봄!

닭은 좀 짭짤한편이라 잘넘어가긴 함..",3,2,1
2019년 7월 19일,후라이드＋간지치킨/1(추가선택(양념소스 추가)),치킨 맛있어요! 웨지감자도 너무 맛있게 먹었습니당! 다음에 또 시켜먹을래요~~,4,4,4
2019년 7월 19일,후라이드＋양념치킨/1,60계치킨 너무너무 맛있어용!!!!,5,5,5
2019년 7월 18일,후라이드＋양념치킨/1,배달빠름.역시맛있음,5,5,5
2019년 7월 17일,"간지치킨＋양념치킨/1(추가선택(무 추가)),사이다 500ml/1",전엔 양념을...이번엔 사이다를...안가져다주시다니! 저한테 왜이러세요 ㅋㅋㅋㅋㅋ맛있어서 참을께요 ㅋㅋ,5,5,5
2019년 7월 17일,"간지치킨 순살＋고추치킨 순살/1(추가선택(마요네즈소스 추가,델리소스 추가,무 추가,웨지감자)),치밥볼（12개）/1,사이다 500ml/1",완전 맛있어요~ 아들이 치킨 킬러인데 먹어보더니 넘 맛있다고 날리네요 간지.고추 반반시켰는데 아들 입에는 조금 매울것 같은데   너무 잘 먹네요 헥헥 거리면서 ㅎㅎ  앞으로 자주 시켜먹을것 같네요 ~^^ 번창하세용~^^,5,5,5
2019년 7월 15일,후라이드 순살＋간지치킨 순살/1,배달이 좀 늦긴했는데 맛있었습니다,5,5,3
2019년 7월 14일,더매운고추치킨/1(추가선택(마요네즈소스 추가)),먹을맛 하네요~~!!!,4,4,4
2019년 7월 14일,"[추천]간지윙봉세트25조각/1,콜라 1.25L/1",항상 맛난 60계.. 더운날 배달로 고생하시는 라이더분께도 감사드립니다,5,5,5
2019년 7월 14일,"[추천]고추윙봉세트25조각/1,치킨 무/1","배달좋고요. 맛좋고요. 리뷰 피드백도 빠르신듯합니다^^
고추치킨도 좋고 다좋습니다. 항상 잘먹고있습니다. 간지치킨도 맛 좋습니다. 감사합니다. 겨속 60마리씩 맛있게 튀겨주세요~~ 칭찬합니다^^",5,5,5
2019년 7월 13일,"[추천]간지윙봉세트25조각/1,매운양념소스/1",배달이 좀 오래걸리긴하는데 맛은 괜찮네요,4,4,4
2019년 7월 13일,[추천]간지윙봉세트25조각/1,"저희도 어제2시간45분정도 되서야받았습니다~물론다감안하고 늦은점심먹었기에 주문을한거죠..그래도 너무하단생각에 수없이전화연결 끝에 통화가되었는데 큰소리내서죄송하긴 한다지만 그래도 입장바꿔생각해보셨으면 이해되었으리나 생각돼요..다른업체처럼 취소나 문자라도 양해를구하셨다면 덜화가날을꺼같아요~그런방식이 아직도입안되었다하시는데 그건저희가모르잖아요.6분후배달된다,,배달완료다..그렇게확인하느랴 다른것도못하고 점점배고픔에 지친아이들은요..암튼 행사해서먹은게 처음도아니지만 이정도로 늦게받은것..으음..그래도 맛이 있었기에 아이들이 위로를해줬네요~",4,4,1
2019년 7월 13일,간지치킨/1,"너무 맛있구요
주문확인 안되서 매장으로 연락했는데 너무 친절하세요",5,5,5
2019년 7월 12일,후라이드＋6초치킨/1,"주문한지 2시간반만에 받았네요. 
요기요 이벤트로 늦을거란예상은 했는데 
너무 안와서 전화해보니 누락 ㅎ
다시 재주문으로 20분 걸린다더니 거의30분 걸렸고
솔직히 이정도 늦고 그랬음 음료수라도 하나 줘야 하는거 아닌가요? 그리고 다른어플로 주문했을땐 치킨에 언제나 감자튀김도 있었는데 그것도 없네요ㅋ 
60계 처음 시키는데도 아닌데 진짜 실망입니다. 쿠폰으로 저렴하게 시키면 이래도 되나봐요? 아니면 어플마다 상대하는게 다른가봐요?",1,1,1
2019년 7월 12일,간지치킨/1,믿고먹는 육십계 치킨 맛있어요 깔끔한 기름 감자튀김 다 좋아요~~,5,5,5
2019년 7월 11일,"후라이드-순살/1(음료 사이즈 변경(콜라1.25L로 변경),추가선택(양념소스 추가)),간지치킨 순살＋고추치킨 순살/1(추가선택(양념소스 추가)),마요네즈소스/2","긴 말 필요없고, 단골 예약입니다~",5,5,5
2019년 7월 11일,"윙 15조각/1(치킨종류선택(6초치킨)),다리 6조각/1(치킨종류선택(간지치킨))",진짜 너무 맛있고 살도 많아요! 믿고 먹는 치킨이에요! 자주 시켜먹을게요^_^,5,5,5
2019년 7월 7일,후라이드윙봉세트25조각/1,항상 맛있습니다..,5,5,5
2019년 7월 6일,간지치킨＋고추치킨/1(추가선택(무 추가)),무 추가 했는데 안주셨네여,3,3,3
2019년 7월 6일,"후라이드 순살＋양념치킨 순살/1(음료 사이즈 변경(콜라1.25L로 변경)),떡볶이/1",원래 양이 이정도 인가요? 아무리 생각해봐도 후라이드가 6조각 밖에 안 오는것은 좀 너무한거 같은데요..웨지감자로 부피 채우기 보단 치킨 양을 늘리시는게 좋을것 같습니다.. 떡볶이까지 시켰는데..양념치킨이랑 떡볶인 맛있어요..근데 양이 좀 너무한것 같네요..,4,1,1
2019년 7월 6일,후라이드＋간지치킨/1,맛은 있는데 배달이잘못왔네여ㅠ 후라이드 간지시켰는데 애들먹을거라..결제도 미리한거라 배달하신분가버리고..ㅠ맛은 있는데 고추가와서 폭망 . 그래도 간지는맛있어서 별5개드립니다,5,5,5
2019년 7월 4일,"간지치킨＋양념치킨/1,다리 6조각/1(치킨종류선택(후라이드)),처음처럼/2",아직안왔는데 리뷰달라네;;,5,5,5
2019년 7월 2일,후라이드 순살＋고추치킨 순살/1,고추치킨 생각보다 그냥 그랬어요. 달달한 간장에 청량고추만들어간 그냥 아마추어같은 맛이랄까. 속은 편한 가정에 맛,3,3,5
2019년 7월 1일,"[추천]간지윙봉세트25조각/1,치킨 무/1","항상믿고먹는 60계 항상 재재재구매 1,000%입니다!!!
이번에도 사진도 못찍고 싹먹었습니다 ㅎ",5,5,5
2019년 7월 1일,"후라이드-순살/1(음료 사이즈 변경(콜라1.25L로 변경),추가선택(양념소스 추가)),간지치킨 순살＋고추치킨 순살/1(추가선택(양념소스 추가))","간지치킨.고추치킨 맛있네요~
기름 쩔은 냄새도 없고요~
배달도 빨랐어요^^",5,5,5
2019년 7월 1일,"후라이드/1(추가선택(양념소스 추가,무 추가))",가족과 60게 냠냠~~~ㅎㅎㅎ,5,5,5
2019년 6월 29일,"후라이드＋간지치킨/1,치킨 무/1",요즘 꽂혀있는 60계 ㅎㅎㅎ 전에 빼먹고 안주신 양념소스 이번에 가져다 주셨네요! 잘먹었습니다,5,5,5
2019년 6월 28일,[추천]후라이드/1,고소하고 새롭네요~~,4,4,4
2019년 6월 27일,"[추천]고추윙봉세트25조각/1,웨지감자/1,콜라 1.25L/1",일산에 없어서 그동안 너무 먹고 싶었어요....역시 존맛,5,5,5
2019년 6월 26일,,후라이드도 맛있네요,5,5,5
2019년 6월 25일,간지치킨 순살＋고추치킨 순살/1,배송도 빠르고 맛있어요,4,5,4
2019년 6월 22일,[추천]후라이드/1,맛있어요  후라이드 기름 깨끗 좋아요,4,5,5
2019년 6월 21일,양념치킨-순살/1,"배달은 빨라서 좋았지만
양념이 매우 부족해서 양념치킨인데 몇개는 후라이드 먹는거같았어요
아래 바닥판이 접혀 치킨 양념이 바깥쪽으로 샜더라구요",5,3,5
2019년 6월 21일,"후라이드＋간지치킨/1(추가선택(양념소스 추가)),웨지감자/1",양념소스 추가했는데 안가져다 주셨어요! 😡  맛있게 먹었으니 참을께요! 후....ㅎㅎㅎ,5,5,5
2019년 6월 19일,간지치킨＋양념치킨/1,처음 먹어봤는데 괜찮아요!,4,3,5
2019년 6월 19일,[인기]고추치킨/1,맛은 언제나 최고예요.,5,5,5
2019년 6월 18일,"[인기]간지치킨/1,치킨 무/1","먹느라급해서 사진을못찍었어용~^^
아이들이랑 아주맛있게먹었습니다~
배달도 엄청빨리왔구용~
번창하세용^^♡",5,5,5
2019년 6월 18일,[추천]간지윙봉세트25조각/1,"1시간정도 대기 시간인데 그거보다 일찍왔네요
맛도 짱",5,5,5
2019년 6월 18일,간지치킨＋양념치킨/1,항상 만족스럽게 먹고있습니다 감사합니다,5,5,5
2019년 6월 17일,후라이드＋간지치킨/1,60계 간지치킨 체고..!,5,5,5
2019년 6월 16일,후라이드＋양념치킨/1,"맛있어여.
근데 양이 조금 적은듯..",4,4,4
2019년 6월 15일,간지치킨＋고추치킨/1(추가선택(웨지감자)),잘 먹었습니다~ 앞으로도 잘 부탁 드립니다~,4,4,5
2019년 6월 15일,후라이드＋고추치킨/1,고추치킨 맛없었어요.... 후라이드는 괜찮아요,3,3,3
2019년 6월 13일,"간지치킨＋고추치킨/1(추가선택(무 추가,웨지감자)),생맥주 1,000cc/1",배부르고 맛있게 잘먹었습니당~,5,5,5
2019년 6월 12일,간지치킨 순살＋양념치킨 순살/1(음료 사이즈 변경(콜라1.25L로 변경)),그냥  별루 그랬어요 ㅡㅡ,4,4,4
2019년 6월 11일,후라이드 순살＋양념치킨 순살/1,순살치킨 시키지마세요,1,1,5
2019년 6월 9일,"[인기]간지치킨/1(음료 사이즈 변경(콜라1.25L로 변경),추가선택(무 추가))",배달시간 아쉬운 거 말고 굿~~~,5,5,4
2019년 6월 9일,후라이드＋양념치킨/1,후라이드가...이값으로는 더는 못 시키겠네요,1,4,5
2019년 6월 6일,[인기]고추치킨/1,빨리오고 맛있게 먹었습니다.,4,4,5
2019년 6월 4일,후라이드＋고추치킨/1,"후라이드는 생각보다 바삭함이 덜해서 조금 아쉬웠지만..
소문대로 맛있네요!",3,4,4
2019년 6월 3일,후라이드＋고추치킨/1,전 리뷰 잘안쓰는편이예요~하지만 저도한때는 요식업에종사했던사람으로써 조금이나마 도움이되고자 리뷰남겨요~ 맛있어요~ 하지만 우장산역지점보다는 맛이현저하게 떨어져요ㅠㅠ 최근60계치킨의 닭호수가 작아진거같아요 우장산점뿐아니라 화곡점도 닭크기가 몇달전부터 작아진거같아요 일시적인거라생각했지만 그건아닌거같아요~ 점주님들 사업번창하시길 기원하는 맘으로 짧은리뷰 올려봄니다~,3,3,5
2019년 6월 2일,"고추치킨-순살/1,다리 6조각/1(치킨종류선택(후라이드))",맛있게잘 먹었습니다,5,5,5
2019년 6월 2일,후라이드 순살＋칠리양념치킨 순살/1,치킨 마싯정 두 번 머겅,5,5,4
2019년 6월 2일,장스치킨-순살/1,마싯졍 두번 머겅!!!,5,5,4
2019년 6월 2일,간지치킨-순살/1,아.. 순살 다리살이 100%인지 알았는데 가슴살이랑 섞여있네요.. 후 솔까 반반이라고 하지만 퍽퍽살이 더 많았던거 같습니다..,3,3,5
2019년 6월 1일,간지치킨 순살＋고추치킨 순살/1(추가선택(웨지감자)),아 정말 너무너무 맛있어요! ㅎㅎㅎ,5,4,5
2019년 6월 1일,"간지치킨＋고추치킨/1(음료 사이즈 변경(콜라1.25L로 변경)),웨지감자/1",배달도 빠르고 너무나 맛있게 잘먹었습니다,5,5,5
2019년 5월 31일,간지치킨 순살＋고추치킨 순살/1,간장이 맛잇네요 하지만 양이 너무 적어요ㅠㅜ,5,1,5
2019년 5월 30일,[추천]후라이드/1,생각보다 그렇게 맛있는지 모르겠네요.,2,2,3
2019년 5월 29일,"고추치킨-순살/1(추가선택(웨지감자)),팝콘만두/1",맛있게 잘먹었습니다 배달도 빨라서 좋아요,5,5,5
2019년 5월 29일,후라이드＋간지치킨/1,처음 먹어봤는데 간지치킨 맛있네요~,5,5,5
2019년 5월 26일,"후라이드＋간지치킨/1,생맥주 1,000cc/1",맛있게 잘먹었어요.,5,5,5
2019년 5월 26일,"양념치킨-순살/1,콜라 1.25L/1",배달 빨라서 좋아요,5,5,5
2019년 5월 24일,"[추천]고추윙봉세트25조각/1,매운양념소스/1",빠른 배송과 맛도 상타치였습니다.,5,5,5
2019년 5월 21일,"간지치킨＋고추치킨/1(추가선택(마요네즈소스 추가,델리소스 추가))",항상 주문하는곳 맛있습니다!!,5,5,5
2019년 5월 20일,[추천]후라이드/1(음료 사이즈 변경(콜라1.25L로 변경)),"후라이드가 바삭하지 않아서..좀 실망
이영자 전지적참견시점때 생각나서 주문
했거든.",3,4,3
2019년 5월 20일,간지치킨-순살/1,나쁘지 않네요~! 다만 순살..맛보고싶었는데ㅜㅜ,4,4,4
2019년 5월 18일,[추천]6초윙봉세트25조각/1,6초윙... 솔직히 맛은 그닥.,3,3,4
2019년 5월 17일,"윙 15조각/1(치킨종류선택(고추치킨)),윙 15조각/1(치킨종류선택(후라이드))","윙시켰는데 다떨어졌다고 전화주셔서 가겨같은 다리로변경~
다좋은데 치킨무 안갖다줌ㅜㅜ
치킨은 무가생명인데ㅜㅜ어쩔...",5,5,4
2019년 5월 17일,후라이드-순살/1(추가선택(웨지감자)),"주문 내용이 제대로 안옴
순살은 정말 맛없네요",1,1,3
2019년 5월 16일,간지치킨＋고추치킨/1,"맛있긴한데 양이 좀 적습니다ㅜㅜ
제 입맛엔 고추치킨보다 간지치킨이 더 맛있네요~",5,2,2
2019년 5월 16일,"후라이드＋양념치킨/1,카스 병/1",오늘도 맛나게 잘먹었슴돠~^^,5,5,5
2019년 5월 14일,"[인기]고추치킨/1,[추천]후라이드/1","기대를 너무했나봐요...ㅋㅋ눅눅함이~ 닭에 간이전혀 되어있지않음에..ㅎㅎ욕심부려 두마리 시켰는데~~실망스럽지만,친절하게 배달해주신분께 감사해요~~^^",3,4,3
2019년 5월 14일,"후라이드＋간지치킨/1,똥집튀김/1","출퇴근길에 광고에서만보던 매장이 생겼길래 주문해봤어요.
이동네 오래살면서 제 입맛에 맛는 치킨집을 아직 못찾고 있는데요.
우선 배달은... 아마 1시간 10분?20분? 그정도 기다린거 같구요.
뭐 그시간때는 야식배달 몰릴시간이라 여기뿐만아니라 왠만한데는 다 그래서 뭐...이해는 하구요.
맛은 잡내는 없고 순환은 잘되는편인지 살점이 녹은 흔적이나 이런건 안보였구요.
후라이드는 괜찮았는데 간지? 그거는 간장치킨인줄알고 시켰는데 간마늘이 듬뿍 뿌려져 있어서 당황했어요.
마늘 안먹는데...
다음에 다른맛 주문해봐야겠어요.",5,5,5
2019년 5월 14일,[인기]간지치킨/1,배송도 빠르고 맛이 좋아요,5,5,5
2019년 5월 13일,간지치킨＋고추치킨/1,맛있어요 다음에 또 시키려구요,5,4,5
2019년 5월 13일,"[추천]후라이드/1,간지치킨＋고추치킨/1","생각보다 배달은 빨랐어요. 바삭한 치킨을 기대 했는데
그쪽은 아닌것 같아요. 생각하면서 먹어서 그런지 닭이랑 기름은 깨끗핫 맛이었네요.",4,4,5
2019년 5월 13일,[추천]후라이드/1,"두번째 시켜먹는건데 이번엔 닭이 너무 작았어요.ㅜ
근데 맛있어요.~^^",5,4,5
2019년 5월 12일,간지치킨＋양념치킨/1(음료 사이즈 변경(콜라1.25L로 변경)),배달빠르고 맛있습니다.,5,5,5
2019년 5월 11일,후라이드 순살＋고추치킨 순살/1,맛있고 배달도 빠르네요,4,3,3
2019년 5월 11일,간지치킨＋고추치킨/1(음료 사이즈 변경(콜라1.25L로 변경)),"잘먹었어요!!!
양도 괜찮고 딱입니다^^",5,5,5
2019년 5월 10일,후라이드-순살/1,믿고먹는집입니다^^아가가있어서뼈없는치킨시켰는데그또한맛있네요~,5,5,3
2019년 5월 9일,간지치킨＋고추치킨/1,맛있네요 ..후라이드는 엄청 느끼했는데 간지 고추는 맛있네요,5,5,5
2019년 5월 8일,후라이드＋간지치킨/1,마요네즈 조합 좋네요.,5,4,4
2019년 5월 7일,"후라이드＋양념치킨/1,똥집튀김/1",배달은조금늦었지만반반도맛있고똥집도밧ㄱ하게맛있어요👍👍,5,5,2
2019년 5월 5일,후라이드＋간지치킨/1,무난하게 맛있게 잘 먹었습니다,4,4,4
2019년 5월 4일,[추천]간지윙봉세트25조각/1,간지치킨 정말 맛나여~!!,5,4,5
2019년 5월 4일,"[추천]후라이드/1,다리 6조각/1(치킨종류선택(후라이드))",보통이에요.....,2,2,2
2019년 5월 3일,후라이드＋양념치킨/1,아짜증나 사장님 나오라구해~~이렇게맛있어두되는건가요~♡,5,5,5
2019년 5월 3일,[추천]후라이드/1(추가선택(무 추가)),느끼하지않고 촉촉하면서 퍽퍽하지않고쫄깃한 것이 완전 강추합니다.,5,5,5
2019년 5월 1일,"[인기]고추치킨/1(추가선택(마요네즈소스 추가)),웨지감자/1",감자?만 빼고는 맛 양 배달 다 만족했어요,5,5,4
2019년 5월 1일,[추천]후라이드/1,부모님이 특히 좋아하시네요 ㅋㅋ 잘먹었어요,5,3,4
2019년 5월 1일,간지치킨＋고추치킨/1,원래 닭 자체가 약간 작은것같더라구요 그래서 약간 양이 작게 느껴지긴 했지만 너무 맛있었고 배달도 너무 잘 해주셔서 감사했습니다 !!,5,5,5
2019년 4월 30일,후라이드＋양념치킨/1,핵존맛~~감사해요~~,5,5,5
2019년 4월 29일,[추천]후라이드/1(음료 사이즈 변경(콜라1.25L로 변경)),역시 60계 맛있네요,4,4,4
2019년 4월 28일,후라이드＋간지치킨/1,맛있고 배달도 빠름!!,5,3,5
2019년 4월 24일,후라이드＋양념치킨/1(음료 사이즈 변경(콜라1.25L로 변경)),"맛있었어요~
또 시킬듯함 ㅋㅋㅋ",3,3,2
2019년 4월 22일,간지치킨＋고추치킨/1,맛있었어요~~!!!,5,5,4
2019년 4월 22일,간지치킨 순살＋고추치킨 순살/1,광고만 보다가 시켜 먹었는데 너무 맛있어요 ㅎ 다음에 또 먹을게요,5,5,5
2019년 4월 20일,후라이드-순살/1,순살은 처음 먹어 봤는데요 역시 최고예요 배달두 빠르고 좋아요~,5,5,5
2019년 4월 20일,후라이드＋간지치킨/1(추가선택(양념소스 추가)),"할인이벤트해서 시켜먹엇엇는데 최악이엿어요
전에 할인없이 그냥 시켜먹엇을때 
너무 맛잇게잘먹엇어서
또시켰던건데..
할인때문에 많은 양 감당안되시면 
할인을안하는게 나을듯싶어요
매장이미지. 평만 나빠질것같아요
양도적엇고 닭고긴 다 쪼그라들어서 먹을게없엇어요",3,1,3
2019년 4월 19일,"[인기]고추치킨/1(추가선택(무 추가,웨지감자))",진짜 맛있네요ㅋㅋㅋㅋㅋㅋㅋㅋㅋㅋㅋㅋㅋ,4,4,4
2019년 4월 17일,간지치킨＋고추치킨/1,두 번 주문했는데 두 번다 만족해요. 맛도 좋고 배달도 시간 내에 오네요~ 만족합니다^^,5,5,5
2019년 4월 16일,후라이드＋간지치킨/1,맛있어용ㅡ사진을못찍었네용~~~~,5,5,4
2019년 4월 16일,[인기]간지치킨/1,"지난주에도 먹었는데 맛있네용~
애들이 느끼하지 않다고 좋아해용^^
다음엔 어른끼리 매운맛을 함 먹어볼까봐요~",5,5,4
2019년 4월 16일,간지치킨＋고추치킨/1(추가선택(무 추가)),"맛있는데 저한테는 조금짰어요^^;
간지랑고추치킨시켰는데 고추가더 맛있었던것같아요^^",4,4,3
2019년 4월 15일,"[인기]간지치킨/1(추가선택(웨지감자)),[추천]후라이드/1",애들이 너무 맛나다고 담에 또 먹자하네여~,5,5,5
2019년 4월 14일,"[추천]후라이드/1,[추천]양념치킨/1",깔끔한맛이에요...,4,4,4
2019년 4월 13일,후라이드＋간지치킨/1,배달은 좀 늦었지만 아주 맛나게 먹었네요,5,5,3
2019년 4월 13일,[추천]후라이드/1(음료 사이즈 변경(콜라1.25L로 변경)),처음 시켰는데 맛있네요  치킨이 신선하다 해야되나  맛있습니다,5,5,5
2019년 4월 12일,"봉 15조각/1(치킨종류선택(간지치킨)),윙 15조각/1(치킨종류선택(6초치킨))","일단 배달은 무지 늦구요.. 가게가 집에서 걸어서 5분거리도 안되는데.. 한시간이 넘게 걸린다는게..
그리고 윙봉으로 주문했는데 다 떨어졌다고 다리로 바꾸고 아이랑 같이 먹으려고 간지랑 6초 반반으로 시킨건데 양념이 뒤섞여서 아이는 제대로 먹지도 못했네요",3,3,1
2019년 4월 9일,간지치킨＋고추치킨/1(추가선택(양념소스 추가)),배달이 조금 느렷지만 치킨 맛잇네요 간장치킨 강추,5,5,4
2019년 4월 7일,"웨지감자/1,빠삭이（소）/1",고추치킨 진짜 너무맛있어요,5,5,5
2019년 4월 6일,"[인기]간지치킨/1,후라이드＋양념치킨/1",맛나요 맛나~~~ 딸도 잘먹네용 ㅎㅎ,5,3,5
2019년 4월 6일,[추천]간지윙봉세트25조각/2,벌써 몇번째 시켜봐도 간지치킨은맛나네요 ㅠㅜ 양은 아쉽지만 ㅠㅜ,5,3,4
2019년 4월 6일,[추천]후라이드/1,맛있게 잘먹었어요!!,5,5,5
2019년 4월 6일,"[추천]후라이드/1,웨지감자/1",맛있게 잘먹었어요!!,5,5,5
2019년 4월 5일,"[인기]간지치킨/1(음료 사이즈 변경(콜라1.25L로 변경),추가선택(마요네즈소스 추가))",맛있게 잘먹었습니다~^^,5,5,5
2019년 4월 5일,[추천]후라이드/1,맛있어요~~!!!!!거리가있어도 배달도 친절하게 해주시고 자주애용할께요~~,5,5,5
2019년 4월 4일,후라이드＋고추치킨/1(음료 사이즈 변경(콜라1.25L로 변경)),"고추치킨 진짜 맛있어요..고추로만 시키고 싶었는데 아기가있어서 후라이드반반 시컸는데 후라이드도 맛있네요~^^다만 반반인데 후라이드쪽양이 더많다는ㅋㅋ
다음 주문시엔 요청사항에 고추치킨을 좀더많이달라고 하면 고추치킨쪽으로 더주시나요?ㅎㅎ",5,5,5
2019년 4월 3일,[인기]간지치킨/1,굿 간지치킷 꿀맛임,5,5,5
2019년 4월 2일,"[추천]간지윙봉세트25조각/1,똥집튀김/1","믿고 먹습니다
맛있어요!ㅎㅎ",5,5,5
2019년 4월 1일,후라이드＋양념치킨/1,맛있어요. 튀김옷도 얇아서 느끼하지 안ㄹ음,5,5,5
2019년 3월 31일,"[추천]양념치킨/1(음료 사이즈 변경(콜라1.25L로 변경)),똥집튀김/1","오늘 실수로 주문을 잘못했네요..
역시나 60계는 간지로 먹어야하는데.. 양념을 시켜서...
양념보단 간지가 훨씬 맛있는듯..
오늘 똥집 튀김은 코멘트로 바싹 해달라고 부탁드렸는데.. 덜... 튀겨진 느낌..
하지만 치킨은 60계가 진리..",4,4,5
2019년 3월 31일,"후라이드＋양념치킨/1(추가선택(무 추가,웨지감자))",넘 맛있게 잘 먹었습니다^^,5,5,5
2019년 3월 31일,,맛은 정말 맛있어요!! 그런데 불금이라 그런지 배달이 너무 오래걸렸어요ㅠ.ㅠ,4,3,2
2019년 3월 31일,후라이드 순살＋간지치킨 순살/1,양도 많고 맛있습니다.,5,5,5
2019년 3월 30일,간지치킨＋고추치킨/1,단짠단짠... 입이 심심할 때 톡톡~!,3,3,3
2019년 3월 30일,,취향안맞네요,1,4,5
2019년 3월 29일,"콜라 1.25L/1,마요네즈소스/2",맛있어요 맛있어요 맛있어요 맛있어요 맛있어요 맛있어요 맛있어요,5,5,5
2019년 3월 28일,[인기]고추치킨/1,잘먹었습니다.. 감사합니다,5,5,5
2019년 3월 28일,"고추치킨-순살/1(음료 사이즈 변경(콜라1.25L로 변경),추가선택(웨지감자)),다리 6조각/1(치킨종류선택(후라이드))",양도 많고 배달도 ㅃㅏ르네요 잘먹었습니다,5,5,5
2019년 3월 27일,"[추천]후라이드/1(추가선택(양념소스 추가,무 추가))",처음 시켰는데 맛있었어요. 배달도 빨리왔구요. 다음에는 양념종류도 먹어보려구요.,4,5,5
2019년 3월 26일,후라이드 순살＋양념치킨 순살/1,튀김이 느끼하지 않고 맛있어요. 양념은 살짝 부족하게 발라져서 아쉽지만 그래도 맛있네요,5,4,5
2019년 3월 25일,후라이드 순살＋양념치킨 순살/1,맛은 괜찮았는데 양념치킨 먹다보니 긴 여자 머리카락이 ㅜㅜ 뭡니까,4,3,5
2019년 3월 24일,후라이드＋간지치킨/1,맛있었어요 담백하니~,5,5,5
2019년 3월 24일,"간지치킨＋고추치킨/1(음료 사이즈 변경(콜라1.25L로 변경),추가선택(마요네즈소스 추가))",맛나요 정말루 친절하구,5,5,5
2019년 3월 22일,[추천]후라이드/1(음료 사이즈 변경(콜라1.25L로 변경)),배달은 좀 늦게왔긴한데 그랴도 기달린 값이있네요! 맛있었습니다,5,5,2
2019년 3월 22일,간지치킨 순살＋양념치킨 순살/1(음료 사이즈 변경(콜라1.25L로 변경)),"양은 생각보다 적어서 놀랐는데,
그래도 둘이서 먹기에는 딱 좋았습니다!
배달은 배달완료 표시되고 왜 안오지라고 이상하긴했는데
곧 도착하시더라구요!
그래도 배달시간 30~35분 걸려서 괜찮았습니다",4,4,4
2019년 3월 22일,후라이드＋간지치킨/1,배달 언제오나요 한시간 30 분 지났는데,1,1,1
2019년 3월 22일,후라이드＋간지치킨/1,"생각보다 바삭하고, 맛있었어요
아이가 매운  걸 못 먹는데, 간장맛은 살짝 매콤했나봐요 
어른들 먹기엔 아주 좋아요~",4,4,4
2019년 3월 19일,후라이드＋양념치킨/1,맛있어요. 항상 맛있어요!,5,5,5
2019년 3월 19일,[인기]간지치킨/1,"간지치킨 추천이 많길래 먹었는데 글쎄요
맛은 뭐 그냥 별다를거없는 치킨임
먹다보니 다리가 3개가 들어있었음 ㅋㅋ
하지만 다안먹고 남겼다는거 ㅋㅋ",3,3,5
2019년 3월 18일,[추천]간지윙봉세트25조각/1,처음 시켰는데 넘 맛나네요 그래서 먹으면서 한마리를 또 시켜보간 처음이에요~ 양이 적은게 좀 아쉬워요~,5,3,4
2019년 3월 16일,"똥집튀김/1,콜라 1.25L/1",간지 윙봉 25조각은 언제나 진리.. 애들도 너무 잘먹어서 자주 시켜먹는 데요... 오늘은 닭똥집튀김이 튀김옷이 잘 안익었어요.. 냄새고 좀 나고...ㅠ.ㅠ 그래도 아이들은 뭐 먹을 까 하면 항상 60계치킨이 랍니다^^,4,5,5
2019년 3월 15일,[추천]후라이드/1(추가선택(웨지감자)),지난번 보다 맛이 없어졌다.,2,3,4
2019년 3월 15일,[인기]간지치킨/1(음료 사이즈 변경(콜라1.25L로 변경)),맛있게 잘먹었습니다!!!,5,5,5
2019년 3월 14일,[추천]간지윙봉세트25조각/1,애들이 너무 잘먹고 닭똥집 튀김은 예술,5,5,5
2019년 3월 14일,[인기]간지치킨/1,애들이 너무 잘먹습니다,5,5,5
2019년 3월 14일,"[추천]간지윙봉세트25조각/1,콜라 1.25L/1","드뎌 25조각 먹었습니다.
애들이 너무 좋아해서..
근데 닭똥집이 오늘은 안된다해서 취소된게 아쉬워요..
닭똥집 튀김도 강추",5,5,5
2019년 3월 14일,후라이드＋간지치킨/1(음료 사이즈 변경(콜라1.25L로 변경)),맛있는데 그리 특별한 차이는 모르겠어요..,4,4,4
2019년 3월 10일,,고기에 양념이 하나두 안되있네요..,1,1,3
2019년 3월 9일,후라이드＋간지치킨/1,무난한 치킨이에요~~,5,4,4
2019년 3월 9일,"[인기]간지치킨/1(음료 사이즈 변경(콜라1.25L로 변경)),똥집튀김/1",핫윙 25조각 정말 먹고 싶은데.. 언제나 가능할지... 60께 치킨 최고,5,5,5
2019년 3월 8일,"간지치킨 순살＋장스치킨 순살/1(추가선택(무 추가)),웨지감자/1",순살은 생각보다 별로네요 뼈로 먹어봐야겠구요 나머지 양이나 배달은 좋습니다,3,5,5
2019년 3월 7일,[추천]후라이드/1,맛이 독특하네요  약간 카레맛이 나는거 갔기도   하구요..,5,5,5
2019년 3월 6일,[추천]후라이드/1(추가선택(웨지감자)),맛있어요~^^옛날에 먹던 맛이랍니다.,5,3,4
2019년 3월 6일,,60계는 옳다ㅠㅠ맛일어요,5,5,5
2019년 3월 5일,후라이드＋양념치킨/1,자주 주문합니다.맛있어여.단지 가격은 오르고 중간중간보이던 감자는 사라졌네요.ㅠ,5,4,5
2019년 3월 5일,간지치킨＋고추치킨/1,사장님 댓글에서 간장 고추 치킨 추천글 보고 주문 했어요. 맛있게 잘 먹었습니다.,5,5,5
2019년 3월 4일,,"아이가있어 반반 메뉴를 주문했는데.
소스가 섞여 있어서.. 아쉬웠어요..
아이가없었다면.. 훌륭함..ㅡㅡㅋ",4,3,2
2019년 3월 4일,"[인기]고추치킨/1,처음처럼/1,카스 병/1",괜찮앗어요 잘먹습니다,4,5,5
2019년 3월 4일,"후라이드＋간지치킨/1(음료 사이즈 변경(콜라1.25L로 변경),추가선택(마요네즈소스 추가))",맛잇네요 또시켜야겟어요,5,5,4
2019년 3월 3일,"후라이드＋양념치킨/1(추가선택(웨지감자)),떡볶이/1","생각보다  작은 닭~~요새 어디든  큰 닭을 보긴 힘든거 같아요..
양념은  버무리다 말았는지 
독특한 맛이 있는데 살짝 더 튀겨주셔도 좋을듯합니다!
사이드로  떡볶이 주문했는데요..  어떤 떡은 오래된 떡이고 어떤 떡은 살짝 덜 익은 떡~어제 만든 떡볶이에 새로 몇가닥 추가해서 만들어 주신거 같아요~~",4,4,4
2019년 3월 2일,후라이드＋양념치킨/1,ㅍㅌㅊ 잘먹음요ㅎㅎㅎㅎ,4,5,5
2019년 3월 2일,,엄청맛있어요~평소에 치킨을 잘안먹는편인데...강추합니다,5,5,5
2019년 3월 2일,"[신메뉴]더 간지치킨/1,[추천]양념치킨/1",괜찮아요~~~~~~~~~~~,3,3,3
2019년 2월 25일,[인기]간지치킨/1,"20분만에 도착
돈주고 시켜먹은치킨중에
가장괜찮았음
양도많고 배달빠르고 맛도 괜찮",5,5,5
2019년 2월 25일,"[인기]고추치킨/1,후라이드＋간지치킨/1(음료 사이즈 변경(콜라1.25L로 변경))",맛도좋고 양도많고 좋아요!!^^,5,5,5
2019년 2월 24일,[추천]후라이드/1,"부정적 리뷰 남겨서 죄송합니다만
진짜 좀 그러네요
몇 조각 먹다가
한 조각 씹었는데 역한 냄새가나서
일단 그 조각은 버리고
다른거 집어서 먹었는데 또 냄새가 나서 입맛 버려서 못 먹겠네요...
닭이 오래된 건가요?
첨시켜 먹어봤는데 불만족스럽습니다",1,5,5
2019년 2월 24일,간지치킨＋장스치킨/1,맛있어요 기름아 조아서 그런지 맛나요,5,5,4
2019년 2월 24일,후라이드＋간지치킨/1,맛있어요 기름아 조아서 그런지 맛나요,5,5,5
2019년 2월 23일,[신메뉴]더 간지치킨/1(추가선택(웨지감자)),최곤데... 간지윙봉 25조각 메뉴가 없을때가 너무 많아 아쉬움,5,5,5
2019년 2월 22일,"6초치킨＋양념치킨/1(음료 사이즈 변경(콜라1.25L로 변경),추가선택(무 추가))",양념소스에 그냥 대충 버무려서 소스맛따로 고기맛 따로 노는데 이런통닭을 돈 주고 먹는다는게 그리 광고가 유명해져서 기대만땅으로 차서 음식을 먹었는데 주문후 2시간이 지나 음식을 받아 먹었네요 그리 장사가 잘되십니까? 나 하나까지 먹을이유를 모르겠습니다,1,3,1
2019년 2월 22일,"[인기]고추치킨/1,웨지감자/1,팝콘만두/1",깔끔하기는하나..생각외로양이적네요,5,4,4
2019년 2월 20일,후라이드 순살＋간지치킨 순살/1(음료 사이즈 변경(콜라1.25L로 변경)),맛있습니다 번창하세요,5,5,5
2019년 2월 19일,후라이드＋고추치킨/1,후라이드 중독 !!,5,5,5
2019년 2월 19일,"[인기]간지치킨/2,[인기]고추치킨/2,[추천]후라이드/2,웨지감자/2,고추튀김/2",치킨 +고추튀김 굳굳,5,5,5
2019년 2월 19일,[추천]후라이드/1,넘나 맛있어요 !!,5,5,5
2019년 2월 19일,[인기]간지치킨/1(음료 사이즈 변경(콜라1.25L로 변경)),"호불호가 있겠네요

~~~~~",4,4,4
2019년 2월 19일,[인기]간지치킨/1,거우처르대지느루ㅑ덛,5,5,5
2019년 2월 16일,후라이드＋간지치킨/1,역시 맛있어요~ 흡족~,5,5,5
2019년 2월 16일,"후라이드＋고추치킨/1(추가선택(무 추가,웨지감자))",명절에 치맥하려고 시켜먹었네요 주소 바로 썼는데 앞집으로 돼있어서 전화오더라구요 그래도 무사히 받아서 잘먹어쓰요~,4,4,3
2019년 2월 16일,"간지치킨＋고추치킨/1,생맥주 1,000cc/2",광고보고 먹고 싶어서 주문했는데 탁월한 선택,4,4,4
2019년 2월 14일,"[인기]간지치킨/1(추가선택(웨지감자)),생맥주 1,000cc/1",역시 60계!!!!!!!!!,5,5,5
2019년 2월 14일,"[인기]간지치킨/1,웨지감자/1",간장치킨은 역시 60계,5,5,5
2019년 2월 12일,"[신메뉴]더 간지순살/1,콜라 1.25L/1",먹을만한듯,5,5,5
2019년 2월 12일,"간지치킨＋고추치킨/1(음료 사이즈 변경(콜라1.25L로 변경),추가선택(마요네즈소스 추가))",60계치킨 첨 시켜 먹어봤는데 맛있게 잘먹었어요~~^^ 딸래미도 맛있게 먹었다네요^^다음에또시켜먹을께요~ 배가 너무고파 배달 오자마자 먹느라사진을 못찍었어요 ㅋㅋㅋㅋ,5,5,5
2019년 2월 11일,간지치킨＋고추치킨/1,양도 넉넉하고 맛있어요,4,5,5
2019년 2월 11일,"[추천]후라이드/1(음료 사이즈 변경(콜라1.25L로 변경),추가선택(양념소스 추가))",진짜 인생치킨이였슴다 한번먹고 계속생각나요 ㅠㅠㅠ,5,5,4
2019년 2월 9일,"[추천]후라이드/1(음료 사이즈 변경(콜라1.25L로 변경),추가선택(델리소스 추가))",맛있긴 한데 후라이드 말고 다른거 먹어보고싶네요,4,4,5
2019년 2월 9일,"[인기]간지치킨/1(추가선택(마요네즈소스 추가,델리소스 추가))",처음 먹어봤는기 너무 맛있었러요,5,5,5
2019년 2월 8일,"[인기]간지치킨/1,떡볶이/1","치킨이 다 거기서 거기라 생각 했는데 이곳 60계 치킨은 확실히 다르다는것을 알았읍니다 
너무나 맛있고 깔끔한 맛이었읍니다",5,5,5
2019년 2월 7일,후라이드＋양념치킨/1,"배달은  정말 빨랐는데요
닭이 정말 심각하게 작아요 ㅋㅋㅋㅋ
이게 어떻게 18000원....?
양념도 대충 묻혀놓았구요ㅋㅋ....
이게 뭐에요..?충격임ㅋㅋㅋㅋ
닭다리가 검지 만해요 ㅋㅋㅋㅋㅋㅋ",1,1,5
2019년 2월 7일,간지치킨＋양념치킨/1(음료 사이즈 변경(콜라1.25L로 변경)),아이들 시켜주었어요 맛있대요,4,4,5
2019년 2월 6일,,"좀화나네요 1시간40분만에 받았는데
다식어빠진치킨 이 아프네요
배달시간60분찍히다가 갑자기 90분이내로온다고 카톡와서 바쁜가보다했는데 
순차적으로 배달하신다해도
이렇게 식은치킨보내시면안되죠
심지어 차갑네요
1시간40분을 따뜻한치킨기다린게아니고
1시간40분동안 차갑게 식힌치킨이 왔습니다.
기다린시간이 너무아깝습니다
이영자씨 씨에프보고 첫주문도전했는데
굉장히실망스럽습니다.
시장닭강정  사오는게 더나을뻔했어요.
배달은어케한건지 치킨은 한쪽에 다쏠려있고
사진안찍은게후회될지경입니다.
별1개도  아깝습니다.",1,1,1
2019년 2월 6일,"[인기]고추치킨/1(음료 사이즈 변경(콜라1.25L로 변경),추가선택(마요네즈소스 추가))",처음 먹어보는데 맛있었습니다ㅎㅎ,5,5,4
2019년 2월 4일,[인기]6초치킨/1,배달도 빠르고 맛도 최고입니다,5,5,5
2019년 2월 3일,치킨 무/1,"직접방문2회에 배달3회 2주간 5회 60계 너무좋습니다사진찍을생각도잊고급히먹었네요
깨끗한기름맛있는소스에너무맵지않은깔끔한매콤한애들부터어른까지최고네요
이영자씨광고보고부모님이먹자고해서먹었는데
최곱니다~~",5,5,5
2019년 2월 3일,후라이드＋간지치킨/1,맛있게 잘 먹었습니다. 간지치킨 맛있네요!,5,5,5
2019년 2월 2일,"후라이드＋고추치킨/1(추가선택(마요네즈소스 추가,웨지감자))",깔끔하고 담백해요 ^^~ 특히 고추치킨 양념 너무 맛있엇어용,5,3,3
2019년 2월 2일,[추천]후라이드/1,좋아요 깔끔한맛이네요,3,3,3
2019년 2월 1일,후라이드＋양념치킨/1,기다리다 지쳤지만 맛은 좋아서 기분 좋네요^^,5,4,4
2019년 1월 31일,[인기]간지치킨/1,맛있게 잘먹었어요 ^^,4,3,3
2019년 1월 31일,후라이드＋고추치킨/1,고추로 느끼함을 잡아주고 마요네즈와의 조합이 좋았습니다.,5,5,5
2019년 1월 29일,후라이드＋양념치킨/1,배달예상시간보다 음청 빨리옴.넘 마이쪄.행복해,5,5,5
2019년 1월 29일,"[추천]고추윙봉세트25조각/1,마요네즈소스/1,치킨 무/1",배달도 빠르고 맛있어요,5,5,5
2019년 1월 28일,[인기]간지치킨/1(추가선택(무 추가)),"윙봉되는지물어봤는데 대답없이그냥 한마리로 오네요

어짜피 글써도 참고도안할꺼면 그런글쓰는 공간은 없애주세요",5,5,5
2019년 1월 28일,후라이드＋6초치킨/1(음료 사이즈 변경(콜라1.25L로 변경)),"배달은 1시간 넘게 걸렸어요 
맛있게 매워요~",5,3,3
2019년 1월 27일,"후라이드＋간지치킨/1,떡볶이/1",배달이 너~~~무 느리고 맛도...다른대랑 뭐ㅠ,1,3,1
2019년 1월 25일,"[인기]간지치킨/1(음료 사이즈 변경(콜라1.25L로 변경)),[추천]양념치킨/1","금요일 저녁이라 한참 걸릴줄 알았는데 생각보다 빨리 배달이 되었네요. 배달해주신 분도 엄청 친절하셨어요.
애들 때문에 맨날 순살만 먹다가 60계 치킨 광고 보고 먹어보고 싶어 주문했는데 맛있고 양도 많네요.
아이들도 맛있다고 하고 좋아했습니다.",5,5,5
2019년 1월 24일,[인기]간지치킨/1,"단골됐어요
자꾸 생각나는 맛이에요",5,5,5
2019년 1월 22일,후라이드＋고추치킨/1,맜있네요! 다른맛도 먹어봐야겠어요,4,4,5
2019년 1월 21일,[인기]간지치킨/1,60계는 처음 주문해봐요~ 배고파서 먹다가 중간에 촬영했네요. 교촌 간장치킨 같은 맛인데... 간지가 더 맛있어요 다음엔 고추치킨 먹어봐야겠어요,4,5,4
2019년 1월 20일,"후라이드＋장스치킨/1(음료 사이즈 변경(콜라1.25L로 변경),추가선택(마요네즈소스 추가))",치킨 여기서 계속 시켜 먹네에 ㅎㅎ,5,5,5
2019년 1월 20일,[인기]고추치킨/1,맛있어요 식어도 맛있네요 생각보다배달이빨라서 좋았어요,4,3,4
2019년 1월 19일,[추천]후라이드/1,별루임 영자누나한테 당했어 슈밤 ...,3,3,3
2019년 1월 19일,후라이드＋간지치킨/1,너무맛있었어요ㅋ아이들이바삭하다고신나하네요담엔매운6초도먹어보겠어요,5,5,5
2019년 1월 18일,간지치킨＋고추치킨/1(음료 사이즈 변경(콜라1.25L로 변경)),"저 감자튀김 싫어하는데 감튀가 젤 맛있네욤ㅎㅎㅎㅎ 치킨에 손이 안가요....
제대로 안 튀긴 것 같기도 하구

양념은 맛있어요~

주문누락돼서 재주문했는데 배달은 빨리와주셔서 감사해요",2,4,4
2019년 1월 18일,"후라이드＋고추치킨/1(음료 사이즈 변경(콜라1.25L로 변경),추가선택(웨지감자)),다리 6조각/1(치킨종류선택(후라이드))",처음시켰는데 맛있네요,4,4,4
2019년 1월 17일,[인기]고추치킨/1(음료 사이즈 변경(콜라1.25L로 변경)),윙봉이없어서 아쉽지만 맛은좋네요,5,5,4
2019년 1월 17일,후라이드＋양념치킨/1,"배달 감사합니다~
맛은 평범했습니다!",3,2,4
2019년 1월 17일,간지치킨＋고추치킨/1,밤중이라 배달해주실 때 벨 안누르고 조용히 노크해주셔서 감사했어요 ^^ 잘 먹었습니다,4,4,4
2019년 1월 16일,[인기]간지치킨/1,이영자치킨으로 유명한 60계치킨 직접가서먹다가 처음으로 배달시켰는데요 깨끗한 튀김옷으로 바삭바삭하고 소스랑 단짠단짠해서 입맛자극을하고 감자튀김까지 밸런스 좋네요^^,5,5,5
2019년 1월 16일,간지치킨＋고추치킨/1,"맛는그냥그냥 양은 비슷하고 배달시간은 좀느리내요 
다시시켤먹을진 모르겟네요 그닥맛있었단 느낌이없었어요 개인적인 의견입니다",3,3,2
2019년 1월 15일,장스치킨-순살/1,처음 시켜보는데 괜찮네요 맛있습니다,5,5,5
2019년 1월 13일,마요네즈소스/1,역시 맛있어용 다음에 또 다시 시켜야지,5,5,5
2019년 1월 12일,간지치킨＋6초치킨/1,예상시간보다 빠르게 왔어요 맛도 좋고 ㅋㅋ,5,5,5
2019년 1월 12일,[인기]간지치킨/1(음료 사이즈 변경(콜라1.25L로 변경)),다른데보다 덜 달고 덜 짜서 좋긴 한데 그냥 닭강정 같았네요.,3,5,3
2019년 1월 11일,,맛나요 근데. 살이 너무쪄요,5,4,5
2019년 1월 11일,간지치킨＋양념치킨/1,큰아이가 양념만공약해 맛있게먹었어요,5,5,5
2019년 1월 10일,후라이드＋간지치킨/1,양념이 달콤하니  앵들이넘좋아해요,5,5,5
2019년 1월 10일,후라이드 순살＋간지치킨 순살/1(음료 사이즈 변경(콜라1.25L로 변경)),날이 추워서 그런지 식어서왓지만 맛있어요,5,5,5
2019년 1월 10일,간지치킨-순살/1,살이넘부드럽고두툼삽니다,5,5,5
2019년 1월 10일,[인기]고추치킨/1,맛나게 먹었어요. 고추치킨 생각보다 안매워서 아쉬어요.,4,3,4
2019년 1월 9일,간지치킨＋양념치킨/1,또 주문. 맛있어요!! 고민하지마시고 주문하세요!,5,5,5
2019년 1월 9일,,맛있는 치킨 브랜드 만들어주셔서 감사합니다,5,5,5
2019년 1월 9일,후라이드＋양념치킨/1(음료 사이즈 변경(콜라1.25L로 변경)),"배달하지도 않고  배달완료 뜨고 한시간넘었는데 일하는 여직원원분은 한시간도 않됬다고 따지고
배송메모에도 확인안하고 정말서비스 엉망이네여",1,1,1
2019년 1월 7일,,"배달도빠르고
부천저희동네에서는먹을수없었던 ㅠㅠ
드뎌60계치킨을화곡에서맛보았다^^
 엄청맛있었다^^
울동네서도먹고싶다요.😘",5,5,5
2019년 1월 7일,후라이드＋양념치킨/1,"처음 먹어봤는데 맛있네요~~
근데 다음날 식어서 먹으니 별로
역시 치킨은 따뜻할때 먹어야 제맛이네요",5,5,5
2019년 1월 6일,"생맥주 1,000cc/1","간장치킨과 양념치킨 먹었어요~~~
맛있었어요.
아이들도 좋아했어요",4,3,4
2019년 1월 6일,"생맥주 1,000cc/1","거리가 멀어서 배달 50분이상 걸렸구요
60계 광고 보고 한번쯤 먹어보고 싶어서 주문했습니다. 튀김옷이 짭짤하고 바삭바삭합니다.",3,4,3
2019년 1월 5일,"간지치킨＋고추치킨/1,떡볶이/1","요즘 60계 치킨맛에 빠졌습니다
다른 브랜드랑 비교가 안됩니다",5,5,5
2019년 1월 5일,[추천]후라이드/1,맛있어요!!!!!!!!!!!!!!,5,5,5
2019년 1월 4일,후라이드＋간지치킨/1,맛있습니다.......,5,5,5
2019년 1월 3일,후라이드＋양념치킨/1(음료 사이즈 변경(콜라1.25L로 변경)),동생 시켜줬는데 맛있다네여 ㅎ,5,5,5
2019년 1월 2일,"[인기]간지치킨/1,[인기]고추치킨/1",맛나게 먹었습니다  고추치킨 jmt,5,5,4
2019년 1월 1일,간지치킨-순살/1,맛잇네요 괜찬아요  맛잇어요,5,5,5
2019년 1월 1일,후라이드＋양념치킨/1,맛나요! 다른브랜드와 튀김옷이나 양념이 달라요.느끼하지않아 마니 먹게된다는.,5,5,5
2019년 1월 1일,후라이드＋양념치킨/1,맛있어요. 일주일에 한번씩 계속 주문하게되네요! 닭크기도 좀더커진거같아여.양도 많구,5,5,5
2018년 12월 31일,[추천]후라이드/1,정말 맛있게 먹었어요~~추천합니다,4,4,3
2018년 12월 31일,"후라이드＋간지치킨/1,매운양념소스/1",몇번을 시켜먹었는데도 맛있네요 감자도 간지감자로 해서 따로 팔면 맛있을것같아요 아이들이 감자를 너무 조아해요~~^^,5,5,5
2018년 12월 31일,[인기]고추치킨/1,"치킨 받는데 2시간 걸릴줄 알았다면 다른데서 주문했을것 같네요
고지된 시간보다도 훨씬 늦었고 그렇게 늦어질거같으면 차라리 취소를 시키던지...",3,3,1
2018년 12월 30일,후라이드＋간지치킨/1(음료 사이즈 변경(콜라1.25L로 변경)),"간지가 진짜 좋네요ㅎㅎㅎ
담에는 간지로만 시켜봐야겠어요",5,4,4
2018년 12월 29일,후라이드＋간지치킨/1,배달이 느린거빼고는 만족하네요,4,4,1
2018년 12월 28일,[인기]고추치킨/1,음식이 잘못 배달됐습니다.,3,4,1
2018년 12월 27일,후라이드＋양념치킨/1(음료 사이즈 변경(콜라1.25L로 변경)),맛있어요 담에 또 주문예정,4,4,5
2018년 12월 26일,"[인기]간지치킨/1,[추천]후라이드/1(음료 사이즈 변경(콜라1.25L로 변경),추가선택(양념소스 추가,무 추가))",튀김옷이 깔끔한 느낌.너무 맛있게 잘먹었습니다~,4,4,4
2018년 12월 26일,[인기]간지치킨/1,"맛있네요
90분 걸린다고 하고 40분만에 와서 당황했어요.",4,4,2
2018년 12월 25일,"후라이드＋양념치킨/1,똥집튀김/1",튀김이  영자언니 먹는거처럼  맛있습니다,4,4,4
2018년 12월 25일,후라이드＋간지치킨/1,일반닭이랑크기가작아요,1,3,3
2018년 12월 25일,고추치킨-순살/1(음료 사이즈 변경(콜라1.25L로 변경)),순살이 조금 그랫어요 원래 윙봉만 먹엇는데없어서 순살시켰더니 완전 이상햇어요 지들끼리 들러붙어서 첨에 새우인줄. 양념도 제대로 발려있지않구요ㅜㅜ  암튼 실망.,1,1,1
2018년 12월 25일,[추천]후라이드/1(추가선택(양념소스 추가)),"치킨은 진짜 맛있어요, 양도 관찮고 맛이 매우 좋아요! 부족한 것은 전화받은 사람 태도가 안 좋아요, 이런 상황 처음 봤어요",3,5,3
2018년 12월 23일,,ㅠㅠㅠ 좀마니짰어요,3,5,4
2018년 12월 22일,,확실히 거리가 멀어서 인지 좀 식어서 왔어요. 그럭저럭 먹을만 했으나 오래 튀긴건지 튀김이 새까매서 좀 그랬어요,4,4,4
2018년 12월 22일,후라이드＋간지치킨/1(추가선택(웨지감자)),"먹어보고싶었는데 맛있게잘먹었어요
담백하니 맛있네요~^^",5,5,5
2018년 12월 21일,,"맛없습니다.
똥집튀김 비려서 남김. 봉도.  데리야끼소스 주셨는데.
맛없음. 
아이는 괞찮았나봅니다.맵지않아서..
남겼는데 조금씩 주워먹더니 봉은다먹음. 
다른곳에서 맛있게 먹어서 좋았는데
여기는 별로입니다. 두번째 주문인데 먹던곳 먹어야겠네요.",1,2,3
2018년 12월 17일,후라이드＋양념치킨/1(음료 사이즈 변경(콜라1.25L로 변경)),처음 시켜서 먹어봤어요 튀김옷이 얇아 양이 적은듯 보였지만 맛있었어요,4,4,4
2018년 12월 17일,후라이드＋양념치킨/1(음료 사이즈 변경(콜라1.25L로 변경)),배달이 좀 느린게 아쉽긴 하지만엄청 맛있었어요! 양념이 정말 맛있네요 콜라를 큰 거로 시켰는데 안 와서 다음에는 시키실때 신경 써주셨으면 좋겠어요,4,4,3
2018년 12월 16일,마요네즈소스/3,너무너무맛있어용 맛있어요,5,5,5
2018년 12월 16일,"콜라 1.25L/1,처음처럼/1",두번째 시키는 치킨 먹을수록 맛난 60계 튀긴치킨은 별로 좋아하지 않는데 60계는 연2주째 시켜먹네요ㅋ매번 시킬때 재료소진으로 원하는대로 시키진못하지만 그래도 맛있어용~~♡♡,5,5,5
2018년 12월 15일,"후라이드＋양념치킨/1(치킨추가메뉴(맛있는닭봉x15 고추소스),추가선택(마요네즈소스 추가,델리소스 추가,웨지감자))",가성비 가격이 좀 비싸네요~~,4,4,5
2018년 12월 15일,[인기]고추치킨/1,처음 먹어보는데 맛있네요ㅋㅋㅋ,4,4,4
2018년 12월 15일,"후라이드＋양념치킨/1(음료 사이즈 변경(콜라1.25L로 변경),추가선택(무 추가)),생맥주 1,000cc/1",맛잇게잘먹었습니다~^^,4,4,4
2018년 12월 15일,간지치킨 순살＋고추치킨 순살/1,고추치킨도 맛있었어요 담엔 똥집튀김이랑 딱볶이 꼭 시켜먹어보려구요,5,5,5
2018년 12월 15일,[신메뉴]더 간지치킨/1,맛나게 잘먹었습니다.,5,5,5
2018년 12월 13일,간지치킨-순살/1,다음에는 고추치킨 닭똥집튀김 떡볶이도 먹어볼게요!,5,5,5
2018년 12월 13일,"[추천]후라이드/1,[추천]양념치킨/1",양념통닭은 닭강정인줄알았음,2,2,2
2018년 12월 13일,[인기]6초치킨/1(음료 사이즈 변경(콜라1.25L로 변경)),꽝이네요 어이가 없어서 리뷰 남깁니다 확인해본다는 시점에서 30분이 지나서 왔네요 주문 안들어갔다고 하더니 다그치니까 주문들어왔다고 장난하는것도 아니고 손님 우롱하는겁니까? 처음부터 주문이안들어갔다고 죄송하다고 기다렸으니 좀만 더 기다려달라고 하던가 괜한 배달늦은걸로 돌리면서 그러지마세요!!!! 배달오신분이 너무 정중하게 죄송하다고 해서 이만큼만 쓰려고합니다,1,1,1
2018년 12월 13일,고추치킨 순살＋양념치킨 순살/1(음료 사이즈 변경(콜라1.25L로 변경)),처음 먹어봤는데 다른 치킨들보다 튀김옷이 매우 얇아서 살이 많이 씹히는 느낌을 주네요.,3,2,3
2018년 12월 13일,[추천]양념치킨/1,언제나 맛있어요 양념이 조금 부족해요,5,5,5
2018년 12월 11일,,튀김옷이 얇으면서 바삭해요. 전 후라이드가 맛있는데 신랑은 양념이 맛있다고그러네요. 양념이 강하지않고 담백하다고. 암튼 덕분에 맛난 저녁식사대써요. 또주문하께요!,5,5,5
2018년 12월 10일,간지치킨-순살/1,"배달오기전 너무안와서 화났던게
배달온후 맛있어서 제가 화났었나요?한 그맛",5,5,5
2018년 12월 9일,,양념이 너무 부족했어요,5,3,2
2018년 12월 9일,,"TV보다 궁금해서 주문했네요^^
2시부터 주문이 가능하다고 해서 기다려서 시간 딱 맞춰 주문했네요.
배달은 1시간 10분정도 걸힌거같구요.
맛은 나쁘진 않은데 너무 기대했나봐요..ㅎㅎ
걍 나름 맛있게 먹었어요..",4,4,3
2018년 12월 9일,,치킨에 고추가 더하니 정말 깔끔하고 맛있어요~~,5,4,4
2018년 12월 9일,,영자누나의 최애라더니 여윽시,5,5,5
2018년 12월 8일,,맛있습니다 :) 배달도 빨리해주셨어요,5,5,5
2018년 12월 8일,[추천]후라이드/1(음료 사이즈 변경(콜라1.25L로 변경)),옛날 치킨느낌..바삭바삭 맛있어요,4,4,3
2018년 12월 7일,,"비록 배달은 많이 늦었지만... 금요일 저녁시간대였으니 이해합니다...ㅎㅎ
전화받으시던 직원분 배달원분 모두 친절하셨고 맛에도 매우 만족했습니다^^",5,5,4
2018년 12월 7일,,"어으 배달을 두시간 후에 받앗네요

이 무슨 어이가 없어서 글도 못쓰겟네요

배고파서 시켯다가 이게 뭔 개스트레스인지

전화는 또 엄청연결안되고 어으",1,1,1
2018년 12월 7일,간지치킨-순살/1,이러다 일주일내내 치킨먹겟음,5,5,5
2018년 12월 7일,[추천]간지윙봉세트25조각/1,3일연속시켜먹는치킨집,5,5,5
2018년 12월 7일,[인기]간지치킨/1,배달도 생각보다빠르고 맛있네요~^^,5,5,5
2018년 12월 6일,후라이드＋간지치킨/1(음료 사이즈 변경(콜라1.25L로 변경)),후라이드도 맛있긴한데 양념반 간지반이 최고인 것 같음,5,5,5
2018년 12월 6일,[신메뉴]더 간지순살/1(추가선택(무 추가)),역시 60계 너무 맛있어요 ! 양을 더 늘려주세요 ㅠㅠ,5,5,5
2018년 12월 3일,후라이드＋양념치킨/1,괜찬네요 처음 시켜 먹어봤는데. 가격도 딴데보다 저렴하고 양도 많고 잘먹었음돠 또 시켜먹을게요,5,5,4
2018년 12월 2일,"[추천]고추윙봉세트25조각/1,콜라 1.25L/1",맛있어요 ~~마요네즈더필요해용,5,5,5
2018년 11월 27일,[추천]후라이드/1,제일맛있어요ㅎㅎ!!,5,5,5
2018년 11월 26일,[추천]간지윙봉세트25조각/1,역시 윙봉이 남김 없이 먹기 좋네요ㅎㅎㅎ,4,4,4
2018년 11월 25일,[추천]후라이드/1,배달 느림 맛시장통닭맛 기름 깨끗한맛  양 보통,5,3,1
2018년 11월 25일,[인기]간지치킨/1,맛나용ㅎ~~ 후라이드,5,5,5
2018년 11월 21일,간지치킨＋고추치킨/1,닭 기름 냄새 안나요. 간장보다 매운치킨이 맛있어요. 청량고추 고기랑 씹힐 때 깔깔하니 맛 있어요. 60마리만 뛰기고 기름 재활용 안 해서 믿음이 가요. 주문 하고 총배송 맘에 들어요. 둘이 먹기에는 양 많아요. 냉장고 넣었다 먹으면 더 맛있어요.,5,5,5
2018년 11월 19일,[추천]후라이드/1,너무맛있어요!!!ㅎㅎㅎ,5,5,5
2018년 11월 19일,[인기]고추치킨/1,"간장양념이래두너무눅눅해요튀겨서보낸것맛죠,,,?",3,5,3
2018년 11월 18일,[인기]간지치킨/1,괜찮습니다. 개인적으로 후라이드 양념이 더 맛있네요.,4,5,4
2018년 11월 17일,[추천]양념치킨/1(음료 사이즈 변경(콜라1.25L로 변경)),맛있어요~~~~~~,5,5,5
2018년 11월 12일,（추천）장스윙봉세트25조각/1,맛있네요 진짜 잘먹어요 또 시킬께요,5,5,5
2018년 11월 12일,"후라이드＋간지치킨/1(음료 사이즈 변경(콜라1.25L로 변경),추가선택(웨지감자))",아주 맛있게 먹었습니다,5,5,5
2018년 11월 11일,（추천）후라이드/1,"방금 음식받고 세조각 먹었는데,,,겉 바삭바삭 속 촉촉이라고 왜 광고 하시는줄 알겠네요 진짜 맛있어요
후라이드가 이정도면 다른 메뉴도 괜찮을듯 한데요!
배달도 빠르고 굿입니다!!",5,4,5
2018년 11월 11일,간지치킨＋고추치킨/1,"맛은 좋았으나 
거의식어서와서 따뜻한 정도
한시간 20분 걸린 배달이 아쉬웠습니다",3,4,3
2018년 11월 11일,간지치킨＋고추치킨/1,너무너무 맛있어요~~,5,3,3
2018년 11월 11일,（추천）고추윙봉세트25조각/1,한입 먹었는데 왜 맛있는지 알겠네요 ㅎㅎ 배달분도 친절하시고~자주 애용할듯 합니다,5,4,5
2018년 11월 10일,후라이드＋고추치킨/1,"여기진짜맛있어요
간도딱이고 이동네서에서 시킨치킨중 젤맛났어요",5,5,5
2018년 11월 8일,간지치킨＋6초치킨/1,"배달도 늦고 양도 맛도 그저...
지하철에서 왜 그렇게 크게 광고하는지 모르겠어요..ㅠ
다 별로였네요. 처음이자 마지막으로 시켜본 듯",2,2,2
2018년 11월 5일,후라이드-순살/1(음료 사이즈 변경(콜라1.25L로 변경)),양이 조ㅁ작아요..,4,3,4
2018년 11월 4일,"후라이드 순살＋양념치킨 순살/1(음료 사이즈 변경(콜라1.25L로 변경),치킨추가메뉴(맛있는닭봉x15 고추소스),추가선택(마요네즈소스 추가,무 추가,웨지감자))",양 많이 적고 감자가 반이에요,2,1,5
2018년 11월 4일,"（추천）후라이드/1(추가선택(양념소스 추가,마요네즈소스 추가))",맛도있고 튀김도 갠찬아요,4,3,3
2018년 11월 3일,간지치킨-순살/1(음료 사이즈 변경(콜라1.25L로 변경)),맛은있는대 양이좀마니적내여ㅡㄹ,4,3,4
2018년 10월 31일,"후라이드＋간지치킨/1(추가선택(양념소스 추가,웨지감자))",맛있고깨끗합니다좋아요,5,4,4
2018년 10월 24일,"후라이드＋양념치킨/1,후라이드＋고추치킨/1","배달은 일단 예상시간보다 15분가량 일찍와서 만족스러웟어요
광고때문인지 맛에대한 기대감이 엄청높앗는데
기대가 너무 컷던 탓일까요 맛은 그저 그랫어요
양도 가격대비 생각보다 적은느낌이 있엇구요
그래도 잘 먹었습니다",3,3,4
2018년 10월 23일,（인기）간지치킨/1,"맛도 양도 다 좋았어요~
첨 시켜보는데 맛이 좋아 자주 시켜먹을 것 같네요!",5,5,5
2018년 10월 20일,（추천）간지윙봉세트25조각/1,맛잇음ㅂㅅㅈㄷㄴㄱㅂㅅㅈㄷㄴㄱ,5,5,5
2018년 10월 14일,（인기）고추치킨/1,60계 치킨 너무 맛있어요,5,5,5
2018년 10월 14일,（인기）고추치킨/1,"배달이 좀 느리네요ㅠㅠ 양은 좀 적은거 같아요. 
크기가 작은 닭인지... 근데 맛있어요. !!",4,3,4
2018년 10월 9일,"양념치킨-순살/1,후라이드-순살/1(음료 사이즈 변경(콜라1.25L로 변경))",맛있게 잘먹었어요 역시 순살치킨이 좋내여,5,5,5
2018년 10월 8일,후라이드＋간지치킨/1,"맛있습니다
양은 적어요..",4,3,4
2018년 10월 8일,똥집튀김＋닭봉15조각/1(사이드 옵션(치킨무)),완전 바삭바삭~~넘 맛있게 잘 먹었습니다 ~^^,5,5,5
2018년 10월 6일,후라이드＋간지치킨/1,"밑에리뷰는 전에시킨건데 오늘날짜로 배달되어있네요ㅠ
이번리뷰가 오늘주문한것인데~~
오늘은 배달늦은편아니였어요!!단짠조합도 굿굿!!ㅎ
아가도 남편도 임산부인저도 맛있게먹었습니다~^^",5,5,5
2018년 10월 5일,（추천）후라이드/1,배달은 느린데 넘맛있었어요ㅎ,5,5,4
2018년 10월 3일,"（추천）고추윙봉세트25조각/1,콜라 1.25L/1","진짜맛있어요
마요네즈랑 궁합좋아요",5,5,5
2018년 10월 3일,（추천）고추윙봉세트25조각/1,또 추문하려구요 ㅎ,5,5,5
2018년 10월 1일,간지치킨＋양념치킨/1,간지치킨 넘나 맛있게 먹엇어요  최곱니다^^,5,5,5
2018년 9월 30일,（인기）고추치킨/1,딱 적당히 매우면서도 맛있어요. 중학생 애들은 맵다면서도 맛있다며 달려드네요ㅎㅎ,5,5,5
2018년 9월 30일,후라이드＋간지치킨/1,다 좋았는데 애들이 간지치킨이 맵다그래서 먹어봤더니 약간 매운게 섞여있더라고여  맛은 좋았습니다,4,4,5
2018년 9월 29일,후라이드 순살＋간지치킨 순살/1,맛있게 잘 먹었는데 ...넘 오래 기달려서 그게 좀 아쉽네요.,5,5,4
2018년 9월 29일,"후라이드＋간지치킨/1,생맥주 1,000cc/1",맛있네요. 튀김도바삭하고 튀김옷도 깨끗해보여요. 신랑이. 맛있다고 단짠단짠의 조합이 잘어울린다고 하네요,5,5,5
2018년 9월 29일,"（추천）간지윙봉세트25조각/1,콜라 1.25L/1",역시 간지 윙봉이 저는 제일 좋은 듯 합니다,5,5,5
2018년 9월 29일,（추천）고추윙봉세트25조각/1,저는 개인적으로 간지가 나은 듯 해요,5,5,5
2018년 9월 29일,"（추천）간지윙봉세트25조각/1,콜라 1.25L/1,팝콘만두/1",맛있어서 또 시켜먹을거랍니다 :),5,5,5
2018년 9월 26일,간지치킨＋고추치킨/1,호기심에 처음 시켜봤는데 주문한지 두시간 만에 음식 배달왔어요. 연휴라서 주문이 밀렸을걸 감안해서 참고 기다리다가 한시간 반 후에 전화해봤더니 주문이 누락됐다고 하더라구요..... 음식이 늦게 오긴 했지만 진심으로 미안해 하시는것 같아서 마음이 풀렸네요. 서비스로 보내주신 감자도 맛있게 잘 먹었습니다.,4,4,1
2018년 9월 26일,간지치킨 순살＋고추치킨 순살/1(음료 사이즈 변경(콜라1.25L로 변경)),맛있게 잘먹었습니다,5,5,5
2018년 9월 23일,（인기）간지치킨/1,눅눅한 간장 닭강정 맛~,3,3,5
2018년 9월 23일,간지치킨＋장스치킨/1,주문 누락 없이 배달만 정확히 해주세요,4,4,1
2018년 9월 18일,"후라이드＋간지치킨/1(음료 사이즈 변경(콜라1.25L로 변경),추가선택(웨지감자))","후라이드도 참 맛있다고 해서 반반시켰는데...간지안에 양념묻은 감자없어서 아쉽네요ㅋㅋ그게꿀맛이던데요ㅋㅋㅋ
아참 배달기사님이 콜라 못챙겨오셨다고 기사님돈으로 슈퍼에서 사다주셨다는데...기사님이 혹시 콜라값 내셔야되는건 아닌지 걱정되드라구요..ㅠㅠ 기사님이 내시는거면 우짜지요ㅠㅠ매번느끼지만 기사님 완전 친절해서 그때문에도 또시켜먹고싶은집이네요..",5,5,5
2018년 9월 17일,（인기）간지치킨/1(치킨추가메뉴(빠삭치킨（소）)),"굉장히 맛있고 양도 적당했지만
배달이 110분이 걸렸습니다.
70분 기다리다가 전화를 해봤더니
치킨은 나왔는데 배달이 밀렸다네요
이집은 배달보다는 테이크아웃을 해야할것같습니다",5,4,1
2018년 9월 16일,（인기）간지치킨/1,말로만 듣던 간지를 드디어 먹어보네요..할인까지 받아서 완전 싸게 먹었어요..처음먹어봐서 마늘이 들어가나요? 마늘맛과 매운맛이 느껴져서 애들안먹겠다 생각했는데..왠걸 애들이 엄청잘먹네요...ㅋㅋㅋ 배달오신분도 a동b동이냐 친절하게 확인전화주시고  완전  만족 입니당,5,5,5
2018년 9월 16일,（인기）간지치킨/1,오자마자 배고파서 흡입하느라고 사진을 중간에 찍었네요! 일단 저한테는 너무너무 맛있었습니다 먹어본 간장 치킨중에 최고! 양념된 치킨을 별로 안좋아하시는 아빠도 잘 드셨습니다! 엄마는 좀 달다고 하셨는데 맛은 괜찮으시다 하네요~ 주말이라 배달이 좀 걸리긴했지만 이정도는 기다릴수 있습니다!,5,4,5
2018년 9월 16일,후라이드 순살＋고추치킨 순살/1,"순살 주문했는데 뼈있는게 와서 이 부러지는줄.,.
오늘 할인받고 결제해서 그냥 먹었지만 기분은 별로..
처음 주문했는데 고추치킨은 맛있게 먹었어요..
주문만 제대로 왔으면 완벽했을텐데..",5,4,4
2018년 9월 15일,（인기）간지치킨/1,배달도 금방 오시고 맛있었습니다,5,5,5
2018년 9월 12일,（추천）후라이드/1,"맛있네요
또 시킬께요",5,5,5
2018년 9월 10일,"（신메뉴）더 간지순살/1(추가선택(무 추가)),콜라 1.25L/1",언제 먹어도 항상 맛있어요,4,5,5
2018년 9월 9일,（인기）간지치킨/1,닭이90분째오지않는다..........,4,4,2
2018년 9월 8일,（추천）후라이드/1,국국ㄱ구국국국국굿굿굿,5,5,5
2018년 9월 5일,（추천）후라이드/1(추가선택(웨지감자)),정말 맛있어요 음 담백하고 좋아요,5,5,5
2018년 8월 26일,"（추천）후라이드/1(음료 사이즈 변경(콜라1.25L로 변경),추가선택(웨지감자))",맛있어요...번창하세요,5,4,4
2018년 8월 23일,후라이드＋양념치킨/1,"양이 적었어요
맛은 엄마가 어릴때 집에서 튀겨주는 맛이였습니다",4,1,2
2018년 8월 21일,（인기）고추치킨/1(추가선택(마요네즈소스 추가)),맛있어요 마이쮸도맛있구요 배달이 빨라서 참좋아용,5,5,5
2018년 8월 19일,（인기）간지치킨/1,항상 맛있게 잘 먹고 있습니다~,5,5,5
2018년 8월 18일,（추천）후라이드/1(음료 사이즈 변경(콜라1.25L로 변경)),맛이 느끼하지 않고 깔끔하고 단백합니다~^^,4,3,4
2018년 8월 12일,간지치킨＋고추치킨/1,맛은솔직히소소햇어요,3,5,4
2018년 8월 12일,후라이드＋간지치킨/1,"솔직히 느낀대로적겠습니다
육질 매우좋음 양 좋음
맛 ,일반마일드맛 소금 소스없인 먹을수없을느끼함 옛날통닭느낌
삼계탕먹는 느낌  바삭함 온도조금 올리시는거 
추천드려요
참고하시고  양념 드시는걸 추천드려요",2,5,2
2018년 8월 10일,（인기）간지치킨/1,양도 푸짐하고 맛도좋았습니다.,5,5,5
2018년 8월 9일,（신메뉴）더 간지순살/1(추가선택(무 추가)),신메뉴 정말 너무 신세계에요!!!,5,5,5
2018년 8월 7일,"간지치킨 순살＋고추치킨 순살/1,생맥주 1,000cc/1",지인이 맛있다고해서 첨으로 시켜봤어요.바삭하고 맛있네요.,5,5,5
2018년 8월 5일,（인기）고추치킨/1,맛있구 사장님이 하리보 젤리까지 주셨네요. 감사합니다.,5,5,5
2018년 8월 3일,（신메뉴）더 간지치킨/1,배달원이 헤메서 제가 직접 1층까지 내려가서 치킨받으러 갔습니다,5,5,1
2018년 8월 1일,（인기）고추치킨/1,깔끔하고 맛있었어요!!,5,4,5
2018년 7월 30일,고추치킨-순살/1(음료 사이즈 변경(콜라1.25L로 변경)),"배달완전빨라요~~맛있구요 같이이온 마이쮸오랜만에 먹엇는데 왤케맛잇나요~~~
깨끗하고 깔끔한포장과 맛있는치킨 빠른배달 강추",5,5,5
2018년 7월 29일,（인기）고추치킨/1,동네 지하철역 근처에서 시식치킨 받고 맛있었던 기억이 있어서 주문하게 됐습니다. 양도 많고 맛있어요! 배달도 빠르고 친절했습니다. 또 시켜먹을거에요:),5,5,5
2018년 7월 29일,"간지치킨-순살/1(음료 사이즈 변경(콜라1.25L로 변경),치킨추가메뉴(빠삭치킨（소）),추가선택(델리소스 추가,무 추가))","60계 치킨 입문자인데 입에넣는 순간 이건 맛있다라고 느꼈어요! 배달하는 과정에서 실수가 있었는지..배달원분께서 근처 편의점에서 콜라를 직접 ㅠㅠ...(감동)
첫 리뷰를 쓰게되었는데 앞으로 많이 이용할게요 ! 
맛있는 치킨 감사하고 정성 또한 감사해요~",5,5,5
