,Token,Frequency
3395,홈트레이닝,3313
588,관리,1984
2218,운동,1130
3335,헬스,1067
2401,자기관리론,891
2820,카네기,878
1843,습관,763
1798,스트레칭,740
481,건강,714
2399,자기관리,604
1356,밴드,545
3232,필라테스,523
1853,시간관리,463
689,기구,451
1090,마사지,445
1852,시간,403
2554,접착,369
3396,홈트레이닝기구,351
2222,운동기구,341
2180,요가매트,333
2431,자동차,327
541,고무,318
1945,아령,317
660,근력,316
2876,케이블,304
3092,팔찌,297
2093,여성,297
2803,치료,290
3097,패드,263
1020,레이닝,263
3179,풀업밴드,262
2443,자석,243
880,덤벨,242
2159,와이어,240
665,근력운동,234
993,라텍스,230
2936,클립,229
1817,스포츠,227
1131,매트,227
3164,푸쉬업바,226
902,도구,220
2342,인간관계론,218
1890,실내,217
1653,셀프,214
428,가정용,210
2738,철봉,202
3033,튜빙밴드,201
1502,블랙,201
751,남성,200
3347,헬스용품,197
3081,팔굽혀펴기,191
3385,홀더,189
2520,전기,189
2991,턱걸,188
896,데일카네기,186
2955,타이머,174
2887,코드,171
1092,마사지기,163
2209,용품,161
2934,클램프,159
486,건강팔찌,159
1053,루프밴드,159
1754,스쿼트,159
2263,웨이트,158
1346,배송,154
2095,여자,151
3012,테이프,150
1766,스타,148
2623,줄넘기,148
2753,체중,147
1837,슬리밍,146
2027,양말,146
2535,전신,143
839,다이어트,143
448,감소,143
1143,멀티,143
757,남자,142
2070,에너지,141
2352,인생,140
3482,힙업,139
1620,성공,139
994,라텍스밴드,138
3023,통증,136
3324,허벅지,134
3205,플래너,132
408,가능,132
2361,일,129
3317,허리,128
3275,학습,128
1509,블루,127
2036,어깨,127
2494,장치,126
2171,완화,125
1413,벨트,124
1543,사람,122
419,가열,120
2685,짐볼,120
501,게르마늄,119
3032,튜빙,119
3451,훌라후프,118
3456,휴대용,117
2657,지압,116
1340,방지,114
1441,보호,113
668,근육,111
2618,주최자,111
3255,핑크,109
1307,발,109
1084,마그네틱,109
1190,목걸,109
1605,선물,105
1810,스티커,103
2891,코어,101
1978,안전,100
3100,패션,100
1274,바디,99
1737,스마트,98
1219,무릎,98
1248,미니,98
357,period,97
3176,풀업,96
3263,하버드,96
1601,서점추천,95
2593,조절,95
1445,복근,95
2283,유산소,95
3272,학생,94
2720,책,92
2163,완력기,92
3224,피트니스,92
687,기계,91
700,기술,91
1422,보드,91
2513,적철광,90
2976,탄성,90
3161,푸쉬업,89
872,대형,88
1621,성공대화론,87
2600,종아리,86
1714,수업,86
728,나,86
3057,티타늄,84
1970,악력기,83
1813,스틸,83
534,계획표,82
1231,문틀,81
2537,전신운동,81
1793,스트랩,81
809,눈,79
1703,수리,79
2376,일정,78
793,노트,77
838,다이어리,76
509,겨울,76
1676,손목,75
393,usb,74
1285,바벨,74
1333,방,73
3017,토르말린,73
1239,물리,73
2571,제거,73
554,고정,73
1162,멘탈,73
1480,분석기,72
3108,퍼플,72
1255,미용,72
1052,루프,71
1804,스트레칭밴드,71
1848,습관화,71
2226,운동매트,71
1321,발열,70
3050,트위스트,70
934,두꺼운,70
3352,헬스장,70
874,더,70
1447,복근운동,69
1779,스테인레스,69
2972,탄력,68
2892,코어운동,68
3072,파워,68
1414,벽,67
1635,성장자율표,67
2166,완역본,67
1911,실천,67
1875,신기,67
827,다리,67
3268,하체,67
2045,어린,67
3044,트레이닝,67
1893,실내운동,66
2523,전기석,66
2645,쥬얼리,66
575,공부,66
2155,온열,66
2509,저항,65
1365,밸런스,65
1857,시계,65
966,디지털,65
1375,뱃살,65
3120,페인트,65
2430,자동,64
574,공명,64
2276,윗몸일으키기,64
753,남성용,63
3011,테이블,63
662,근력기,63
2597,조정,63
1767,스타스포츠,63
1902,실리콘,63
2680,진동,62
2234,운동용품,62
2868,케겔,61
2802,치닝디핑,61
2797,층간소음,61
2975,탄력밴드,61
2490,장비,61
622,구슬,60
3261,하루,60
740,난방,59
663,근력밴드,59
2094,여성용,59
3448,훈련,59
2559,정리,58
2611,주방,58
2607,주간,58
1492,뷰티,58
2160,와인,58
2660,지원,58
1777,스터디,57
2292,유지,57
1245,미끄럼방지,57
2331,이중,57
460,강화,56
2308,의료용자기발생기,56
1430,보석,56
1021,레이닝기구,55
3126,편안,55
917,돈,55
2806,치아관리,55
2551,접이식,55
961,디스크,55
3178,풀업바,54
3201,프리미엄,53
1120,만드,53
2819,칫솔,53
3467,흡착식,53
615,구강관리,53
989,라인,52
1862,시작,52
1109,마음,52
2464,자율타카북,51
2763,초등,51
416,가슴,51
2038,어깨운동,51
1222,무선,50
3401,홈트레이닝매트,50
2805,치아,50
2829,카운터,49
2774,최고,49
3172,푸시업바,49
2098,여자홈트레이닝,49
1673,손,49
2608,주간계획,48
3249,필름,48
2733,천연,48
3234,필라테스링,48
1755,스쿼트밴드,48
864,당신,48
1704,수면,48
2298,육각아령,47
2211,우드,47
2370,일일,47
2261,월별,47
1560,삶,47
1080,링,47
1812,스틱,46
834,다용,46
1223,무소음,46
536,고급,46
620,구리,46
2661,지지,46
2577,제어,46
1040,로프,46
542,고무밴드,46
2450,자세,45
3465,흡입,45
2092,여름방학,45
1991,알람,45
1438,보조,45
1994,알림,45
760,남자홈트레이닝,45
589,관리론,45
2013,액세서리,45
798,논슬립,45
2556,접착제,44
1221,무삭제,44
2942,키트,44
2466,자율학습계획표,44
1232,문틀철봉,44
797,녹색,43
2758,체크표,43
1531,빠른,43
1314,발목,43
2544,전통,43
2459,자율,43
3418,화이트,43
532,계획,42
1254,미션,42
1668,소프트,42
2035,양치습관,42
2028,양면,42
3336,헬스기구,42
2461,자율신기,42
2722,책상,41
1877,신발,41
970,따뜻,41
3276,학습계획,41
2756,체크,41
636,귀,41
81,2080,41
2823,카드놀,41
3145,폴리싱,41
637,귀걸,40
2284,유산소운동,40
1920,싯업바,40
2858,커플,40
450,감정,40
2744,청소년,39
442,간편,39
891,데이터,39
1825,스프링,39
3197,프로젝트,39
1786,스텝퍼,39
1738,스마트폰,39
1515,비밀,39
3004,테라피,39
718,깔끔,39
1443,보호대,39
2296,육각,39
2266,웨이트볼,38
893,데일리,38
3461,흑연,38
1750,스케줄,38
3338,헬스매트,38
1789,스톤,38
2198,요추,37
407,가글,37
2704,차량,37
1570,상체,36
1523,비취,36
2413,자기발생기,36
3332,헤어,36
921,돌기형,36
2962,탁구,36
1133,매트리스,36
1484,불안,36
3082,팔굽혀펴기기구,36
823,다기능,36
1547,사용,36
3227,픽업,35
582,공용,35
456,강력,35
1076,릴렉스,35
1135,맨몸,35
1259,미용아령,35
2158,와이드,35
1473,북2024,35
1449,복부,35
2184,요가밴드,35
3484,힙업운동,35
2792,충전,35
2033,양치,35
2030,양장,35
750,남녀공용,35
2499,재활,35
3088,팔뚝살,34
2910,쿠션,34
1433,보습,34
3481,힙밴드,34
2039,어깨운동기구,34
631,굴리,34
3312,행복,34
1458,봉,34
3103,패치,33
3400,홈트레이닝도구,33
742,날개살,33
2606,주,33
1838,슬리브,33
2307,의료용,33
967,디톡스,33
3111,펄스,33
951,드릴,33
2939,키우기,33
786,노라인,32
942,뒷꿈치,32
2677,직장인,32
1928,써클링,32
1096,마사지볼,32
2875,케어,32
3170,푸시업,32
1799,스트레칭기구,32
1107,마우스피스,32
1079,림프,32
1062,리복,32
1464,부자,32
1795,스트레스,32
871,대학생,32
3079,팔,32
2341,인간관계,32
1489,붕대,31
2394,자극,31
1472,북,31
1477,분리형,31
3029,투톤,31
2228,운동밴드,31
324,led,31
1011,런웨이브,31
1644,세라밴드,31
1152,메디신볼,31
1571,상체운동,31
2056,얼굴,30
2995,턱걸이밴드,30
642,균형,30
2179,요가링,30
1367,밸런스볼,30
1905,실버,30
2397,자기계발,30
2176,요가,30
3262,하루관리,30
1138,머리,30
889,데스크,30
2005,애경,30
1165,면도기,30
3292,합본,30
667,근력운동밴드,29
2359,인치,29
2686,짐스틱,29
573,공구,29
1386,버팀대,29
1429,보빈,29
2232,운동용,29
1057,리더,29
1585,생리,29
417,가슴운동,29
2441,자산관리,29
2213,우울,29
2743,청소,29
1894,실내운동기구,28
3218,피부,28
2192,요가용품,28
1582,샌딩,28
1435,보온,28
3370,협력업체,28
1602,서클,28
964,디자인,28
3302,핵심,28
2479,잠금,28
423,가위,28
254,ab슬라이드,28
1861,시스템,28
719,깔창,28
876,더바디시크릿,28
3214,플로킹,28
1035,로잉밴드,28
1394,법,27
3447,후프,27
2566,정전기,27
915,독자율타임무계획본습관양성시간관리월주계획여름방학매일일정마,27
828,다리운동기구,27
1112,마인드,27
2662,지지대,27
2221,운동기,27
2808,치유,27
2793,충전식,27
935,두꺼운요가매트,27
2229,운동복,27
3008,테스트,27
1144,멀티튜빙밴드pro,27
2149,오토바,27
2927,크리스탈,27
2886,코골,27
592,관리자,27
3339,헬스밴드,27
1521,비즈,27
2656,지방마사지,26
1229,문철봉,26
1279,바디아트,26
2196,요법,26
2907,콧털,26
1216,무는습관,26
503,게르마늄팔찌,26
3329,헤드,26
2796,측정기,26
1832,슬라이드,26
390,tv,26
1762,스키,26
1722,수험생,26
1977,안아파,26
1628,성과관리,26
3375,호일,26
3028,투명,26
2371,일일계획,26
2099,여자홈트레이닝기구,26
2713,창,26
3053,특별판,26
2251,원적외선,26
3277,학습계획표,26
2065,업앤쉐이프,26
2250,원예,25
3134,포인트,25
1141,먼북스,25
3462,흑요석,25
3483,힙업밴드,25
2417,자기요법,25
814,눈썹칼,25
2555,접착식,25
1808,스트립,25
3250,필수품,25
1378,뱃살운동,25
424,가이드,25
2195,요리,25
1514,비닐,25
2847,캘린더북,25
1617,섬세,25
1289,바이오,25
1999,압박,25
1568,상자,25
1366,밸런스보드,25
531,계속하게,24
1154,메모,24
2507,저주파,24
3310,행동,24
1136,맨몸운동,24
1497,브러쉬,24
3437,효과적인,24
2768,초판,24
1517,비상,24
2877,케이블정리,24
1834,슬라이딩,24
2077,에어,24
3477,힘,24
1469,부착,24
505,게이지,24
1258,미용실,24
482,건강관리,24
1342,방학,24
907,도어,24
3202,플라스틱,23
770,냉장고,23
1054,루프팬드,23
1374,밸브,23
479,걱정,23
2373,일일자율학습계획표,23
2933,클래식,23
2473,작업장,23
2655,지방,23
3274,학생학습계획,23
2463,자율타자기,23
2765,초등학생,23
1785,스텝박스,23
3156,푸샵,23
3121,펜,23
908,도어앵커,23
468,개인,23
2650,지능형,23
2510,저항밴드,23
2817,침술,23
2188,요가봉,23
1072,리프팅,23
2538,전신운동기구,23
566,골드,23
2372,일일계획본타카드본임무습관양성시간관리월간주계획매일일정마인드맵본,23
2530,전문가,23
361,planwith,23
2938,키밍,23
1463,부상,23
2627,줄무늬,23
3102,패스너,22
725,꿈,22
3207,플랜위드,22
2390,입체,22
387,tpe센터라인,22
3098,패딩,22
3460,휴식시간,22
2422,자기주,22
2921,크로스핏,22
611,교정기,22
2961,타자기,22
2078,에어로빅,22
1670,소형,22
1391,벌고,22
923,돔볼,22
1343,배,22
1306,받침대,22
2111,연습,22
2832,카운트다운,22
2109,연마,22
690,기기,22
2375,일자형,22
2281,유리,22
1633,성장습관,22
695,기록표,22
1455,볼,22
3359,현대지성,22
470,개정판,21
2462,자율체크기,21
819,니켄,21
1565,상벌,21
1574,새로운,21
920,돌기,21
812,눈썹,21
910,도토,21
857,달력,21
2489,장려스티커포인트카드,21
1636,성장표,21
1593,생활통,21
1634,성장자율벽,21
1032,로드,21
826,다르다,21
2060,엄마,21
1420,보관,21
1451,복싱,21
2543,전원,21
1128,매력,21
533,계획책,21
2379,일주일,21
2165,완역,21
1206,몸매관리,21
2138,오렌지,21
1830,슬기로운,21
1102,마스크,21
2967,탁구연습,21
3236,필라테스매트,21
2604,좋은습관키우기,21
1264,민트,21
1552,삭스,21
614,구강,21
629,국산,21
2414,자기벽스티커,21
599,괄약근운동,21
1061,리베르,21
2367,일본,21
2752,체인,20
1213,무게추,20
3434,회전,20
2979,탄성밴드,20
2754,체중계,20
641,규율,20
1797,스트레치,20
584,과제,20
2497,재사용,20
2491,장식,20
427,가정,20
2755,체지방,20
909,도움,20
1640,세계,20
3180,풀업밴드투톤,20
887,덧신,20
2598,조직,20
2901,코털제,20
2908,콧털가위,20
1013,레깅스,20
71,1자형튜빙밴드,20
1586,생일,20
1064,리빙듀오,20
1070,리프트,20
1527,빈티지,20
2916,큐빅,20
2068,엉덩,20
3167,푸쉬업보드,20
2203,용돈,20
1108,마운트,20
2460,자율시간,20
979,똑똑,20
976,땅콩,20
1116,마흔,20
1118,만년일력,20
2088,엣센셜,20
746,날짜형,20
682,금속,20
946,드라이버,20
1156,메모보드,20
884,덤벨봉,19
1873,신개념,19
2245,원리,19
2074,에르고기어,19
1253,미세모,19
1338,방어,19
1344,배드민턴,19
2963,탁구놀,19
2332,이중미세모,19
1397,법칙,19
2353,인생관리,19
2137,오레인,19
2377,일정관리,19
2053,어처구니,19
2846,캘린더,19
2909,콧털정리,19
1546,사무실,19
2022,야외,19
2730,척추,19
1588,생체,19
2594,조절식,19
2884,코,19
2454,자신,19
1627,성과,19
2568,정품,19
1537,뼈,19
1743,스캐너,19
3446,후크,19
433,가죽,19
3367,혈액순환,19
3208,플랭크,19
3408,홈트매트,19
3203,플라잉,19
781,네일,19
583,공책,19
305,gps,19
795,노하우,19
2465,자율표,18
2881,케틀벨,18
591,관리용,18
567,골반,18
1983,안창,18
2306,의료기기인증,18
2653,지르콘,18
2741,첫,18
2700,찜질기,18
2879,케이블클립,18
1454,본시간,18
2002,앞니,18
3453,휘트니스,18
510,겨울방학,18
2471,작업,18
596,관절,18
1322,발열양말,18
1026,레자기,18
1933,쓰고,18
2827,카방,18
1595,샤워,18
1674,손가락,18
661,근력강화,18
578,공부습관,18
3090,팔운동,18
426,가장,18
1622,성공일정,18
2105,역기봉,18
1929,썬버드,18
1878,신부와,18
1840,슬림,18
2613,주석판,18
2784,추천,17
3319,허리밴드,17
1667,소품,17
2564,정비,17
3114,펑크,17
3393,홈트기구,17
1656,셔틀콕,17
3187,풋패드,17
1618,섬유,17
733,나무,17
466,개선,17
2795,측정,17
346,nbr요가매트,17
3210,플러그,17
1183,모래주머니,17
2519,전극,17
3305,핸드,17
2870,케겔운동기구,17
2073,에디션,17
699,기분,17
1139,머신,17
2582,젤,17
518,경고,17
2673,직업,17
2252,원전,17
413,가방,17
1406,베이직,17
1980,안전철봉,17
806,뇌,17
833,다양,17
1778,스터디플래너,17
3005,테라헤르츠,17
2424,자기주도학습,17
1462,부모님,17
2447,자석파스,17
3455,휴대,17
1205,몸매,17
1275,바디라인,17
2958,타임,17
1745,스케이트,17
2456,자연,17
604,광택기용,17
1273,바닥,17
2728,처세술,17
1426,보리보리,17
2766,초역,17
1974,안마기,16
623,구조,16
1291,바이크,16
3094,팝북,16
1971,악세사리,16
732,나만,16
2303,음이온,16
2579,제이엘,16
2831,카운트,16
457,강력자석,16
3459,휴식,16
856,달라진다,16
2757,체크리스트,16
2578,제이북스,16
430,가정용철봉,16
2911,쿠킹,16
3242,필라테스스틱,16
1238,물기방지,16
2914,쿨샵,16
2854,커트,16
2469,자전거,16
1244,미끄럼,16
1034,로잉머신,16
558,고주파,16
2563,정밀,16
3174,풀,16
2885,코가위,15
1376,뱃살마사지,15
2705,차량용,15
1302,반사,15
2287,유아,15
2915,큐브,15
2021,야구선수목걸,15
3022,통기성,15
2782,추적,15
520,경력관리,15
2703,차단기,15
2822,카드,15
1067,리커버,15
1392,범용,15
2773,최강,15
2900,코털,15
2769,촉진,15
493,검사,15
3463,흠집방지,15
1863,시크릿,15
2777,최신,15
1276,바디롤,15
693,기록,15
1282,바른,15
1864,시트,15
2740,철학,15
2670,직구,15
546,고무육각아령,15
1448,복근운동기구,15
2378,일정표,15
2791,충돌,15
2638,중량밴드,15
3327,허벅지운동,15
1658,소녀,15
2325,이빨,15
386,tpe멀티튜빙세트,15
1623,성공자,15
765,내돈내산,15
913,독립,15
2178,요가롤,15
2678,진공,15
2549,절연,15
3404,홈트레이닝용품,15
1679,손목시계,15
1033,로잉,15
1715,수염빗,15
2330,이완,15
3269,하체운동,14
3002,텅스텐,14
817,능력,14
1889,실기,14
485,건강습관,14
529,계단오르기,14
3130,평범,14
638,귀여운,14
3308,했다,14
1125,맛,14
2438,자면,14
1998,압력,14
3323,허리운동,14
3183,품질,14
957,등산,14
1498,브러시,14
791,노인,14
747,날카로움,14
1150,멋진,14
1865,시험,14
688,기계식,14
2855,커트보,14
692,기능,14
1470,부품,14
1203,몸,14
1692,손톱,14
1535,빼기,14
906,도서,14
3479,힙,14
3015,텔레스코픽,14
1167,면보자기,14
2186,요가복,14
837,다운,14
3295,해독,14
610,교정,14
2546,전화,14
2264,웨이트기구,14
1363,밴딩,14
1388,버핑,14
3162,푸쉬업그립,14
1009,런닝머신,14
743,날씬,14
1589,생활,14
1058,리더십,14
1403,베어링,14
590,관리법,14
1827,스피닝,14
2313,이너뷰티,14
323,lcd,14
749,남녀,14
1985,안티,14
3316,향상,14
1951,아령세트,14
3157,푸샵바,14
1612,선택,14
1915,심장,14
2636,중독,14
1950,아령봉,14
1182,모래시계,13
2246,원본,13
524,경추,13
1487,불후,13
2420,자기전,13
794,노트북,13
2197,요소,13
1885,신체,13
2029,양모,13
2783,추적기,13
1479,분석,13
1260,미용용품,13
844,단계별,13
1697,송풍기,13
1257,미용보자기,13
1712,수밖,13
2725,책임지,13
3136,포켓,13
895,데일리리포트,13
894,데일리다이어리,13
825,다니엘,13
3163,푸쉬업기구,13
1283,바른생활,13
545,고무아령,13
3139,포함,13
836,다우리,13
2980,탄소,13
1776,스터드,13
3007,테스터,13
2444,자석건강팔찌,13
3230,필기,13
1693,손톱깎,13
409,가드,13
3199,프록시마,13
597,괄약근,13
1557,살기,13
2902,코팅,13
440,간섭,13
2083,엑서,13
2108,연료,13
2569,정형,13
3469,희토류건강팔찌,13
484,건강목걸,13
736,나일론,13
2698,찜기깔개,13
3070,파우더,13
1094,마사지롤,13
1127,망치,13
697,기모,13
2525,전도성,13
2357,인젝터,13
3389,홈짐,13
995,라텍스밴드2m홈트레이닝,13
999,랜덤,13
755,남여,13
987,라이트,13
447,감량,13
1606,선물용,13
2238,웅진북센데일,13
506,게임,13
2118,염색약,13
3391,홈케어,13
2699,찜시트,13
2488,장난감,13
1630,성인,13
3330,헤드폰,13
2049,어린이치약,13
2050,어버이날,13
1025,레일,13
3186,풋케어,13
1660,소도구,13
1086,마법,12
2351,인맥관리,12
1087,마블,12
2328,이어폰,12
3412,홈트운동기구,12
3420,화장,12
1562,삼호미디어,12
3366,혈액,12
1508,블럭식스,12
3171,푸시업그립,12
1995,알투스,12
1626,성공할,12
1666,소켓,12
1312,발마사지,12
595,관리해야,12
2117,염색보자기,12
859,담석,12
2973,탄력고무,12
1769,스타일링,12
2412,자기발생,12
1741,스위치,12
2764,초등치약,12
2679,진단,12
404,가계부,12
2096,여자아령,12
577,공부법,12
1063,리빙,12
2954,타이거,12
2982,탈출,12
3474,힐링,12
3355,헬스케어,12
3472,히터,12
1007,럭셔리,12
2101,여친,12
2133,옐로우,12
1625,성공학,12
1587,생존,12
2247,원석,12
2257,원형,12
2448,자석팔찌,12
3045,트레이닝복,12
502,게르마늄목걸,12
2689,짐스틱퍼플홈요,12
2590,조명,12
2446,자석목걸,12
3125,편리,12
2856,커트보자기,12
985,라운드,12
655,그립,12
2780,최초,12
1129,매일,12
3112,펌프,12
429,가정용운동기구,12
2167,완역판,12
1208,몸짱,12
3306,핸드그립,12
2481,잠자기,12
960,디디샵,12
3042,트럭,12
3480,힙딥,12
2368,일상,12
2075,에버라스트,12
853,단체줄넘기,12
3449,훌라,12
420,가열기,12
1457,봄봄북스,12
540,고등학생,12
538,고급양장본,12
2721,책벅지,12
2786,축구,11
515,결정,11
2616,주인,11
2809,친구,11
1818,스포츠건강목걸,11
2389,입벌림방지,11
2304,응급,11
2759,체형,11
522,경부,11
3257,핑퐁,11
2956,타이밍,11
1475,북스퀘어,11
1768,스타일,11
1942,아동,11
455,강도조절,11
446,감각,11
2340,인간,11
2612,주부,11
1806,스트레칭봉,11
347,necklace,11
327,loop,11
2312,이기적,11
3342,헬스소품,11
1709,수면용,11
2869,케겔운동,11
3344,헬스아령,11
561,고탄력,11
2842,캐릭터,11
2404,자기관리론무삭제,11
2849,캠핑,11
2894,코어운동기구,11
1721,수평,11
525,경혈,11
1544,사람들,11
1835,슬라이딩매트,11
1404,베이스,11
1696,솔레노이드,11
2295,유행,11
2852,커먼,11
434,가진,11
2778,최적,11
463,개몫,11
2393,자궁,11
1643,세라믹,11
1383,버전,11
2897,코일,11
2194,요가휠,11
673,글라이딩,11
1228,문제집,11
3115,페달,11
2006,애경치약,11
3117,페이셜,11
2476,잘나가,11
3049,트위스터,11
941,뒤꿈치,11
3386,홀로그램,11
1298,반델,11
1300,반바지,11
1303,반지,11
2449,자석패치,11
2750,체육,11
936,두뇌,11
698,기본,11
775,네오듐,11
2585,조각,11
1030,렌치,11
1993,알루미늄,11
2500,재활운동,11
2710,차폐,11
1101,마사지짐볼,11
2125,영한대역,11
1012,레그쉐이퍼,11
3428,황금,11
2142,오일,11
2145,오젬,11
1280,바디업,11
796,노화,11
2253,원칙,11
1308,발가락,11
1325,발지압,11
860,답,11
3152,표,11
3466,흡착,11
877,더블,11
3143,폴딩,11
927,동물,11
890,데스크탑,11
2271,위클리,11
2682,진정,11
1200,몬테소리,11
900,덴트,11
3175,풀세트,11
3378,호흡,11
2204,용돈관리,11
904,도매,11
609,교육,11
1495,브라탑,10
2046,어린이,10
2048,어린이줄넘기,10
1555,산업위생관리기사,10
3063,파닉스,10
1178,모델,10
2079,에어로빅매트,10
3223,피어싱,10
1180,모드,10
1871,식이섬유,10
348,new,10
1836,슬라이딩보드,10
1496,브래킷,10
1114,마카롱,10
1149,멈추려면,10
1117,막대,10
1119,만능,10
724,꿀잠,10
2291,유연성,10
1500,브레이스,10
2903,코호흡유,10
1525,비트,10
1124,말고,10
113,2개입아령국산덤벨홈트홈트레이닝집,10
1859,시대,10
1860,시리즈,10
511,겨울용,10
1944,아디다스,10
1833,슬라이드보드,10
1780,스테인리스,10
1790,스톱워치,10
418,가슴운동기구,10
1682,손실,10
938,두피,10
2811,친업바,10
1689,손지압기1p,10
2848,캠버,10
1702,수동,10
3411,홈트용품,10
820,니트,10
2545,전해준,10
1581,샌드백,10
829,다리찢기,10
888,데드리프트,10
1729,쉬운,10
2314,이노플리아,10
2834,카트,10
3160,푸쉬바,10
3311,행동하라,10
2828,카센타,10
1677,손목강화,10
1675,손마사지,10
785,넥클레스,10
2888,코란토테,10
1065,리스크,10
2709,차체,10
2110,연소,10
2880,케이스,10
2116,염색보,10
1607,선사,10
761,납땜,10
2214,우정,10
2350,인맥,10
672,근육키우기,10
773,넓은,10
776,네오프렌,10
3109,펀치,10
1805,스트레칭보드,10
2531,전문가용,10
1802,스트레칭매트,10
3185,풋샵,10
2426,자기패치,10
2999,턱관절,10
3458,휴대폰,10
1361,밴드운동,10
2959,타임타이머,10
1215,무너지지,10
656,그립감,10
2270,위치,10
1901,실력,10
3231,필라테,10
2957,타이어,10
3431,회복탄력성,10
2395,자극기,10
617,구글타이머,10
1379,뱃살운동기구,10
612,교체,10
3271,학교,10
2282,유산균,10
1390,번아웃,10
2935,클러치,10
1252,미루지,10
2949,타공돌,10
547,고무줄,10
1395,법무사,10
557,고정식,10
3264,하부,10
2968,탁상,10
3380,혼자,10
2272,위한,10
2274,윈에어,10
3027,투두리스트,10
2432,자동차수리보드,10
1428,보리보리이노플리아,10
1262,미터,10
1268,바꾸,10
2929,큰글씨책,9
1923,싱글,9
2990,턱,9
1661,소비,9
2512,적외선,9
1412,벤치프레스,9
3321,허리스트레칭,9
1022,레이닝매트,9
2126,영혼,9
569,골반보정,9
1419,보고,9
968,딥스,9
1402,베스트,9
2529,전문,9
1910,실용적인,9
2348,인기,9
3365,혈압,9
1927,써클,9
2148,오토,9
1415,벽걸,9
1919,싯업,9
2208,용접,9
759,남자스포츠,9
2527,전략,9
2131,예쁜,9
2343,인간관계론자기관리론,9
1272,바뀌,9
1651,센서티브,9
950,드롭,9
787,노란색,9
587,관계론,9
1726,순환,9
2323,이발보,9
1332,밤,9
2275,윗몸,9
1733,슈퍼,9
845,단단,9
1773,스탠딩,9
2760,체형보정,9
2966,탁구세트,9
1334,방문,9
2821,카네기인간관계론자기관리론,9
2193,요가짐볼,9
586,관계,9
3135,포장,9
2844,캐스터,9
948,드래곤,9
788,노란색상,9
1296,박스,9
1966,아쿠아백,9
2857,커프,9
1384,버클,9
2853,커버,9
2205,용돈기입장,9
1377,뱃살빼,9
2169,완전,9
924,동결,9
2812,친우코렉트,9
2202,용기구,9
805,높이조절,9
580,공시생,9
3410,홈트요가매트요가용품홈트레이닝홈,9
2635,중년,9
1958,아스타,9
3297,해빗,9
2717,찾다,9
2937,키,9
2487,장갑,9
2084,엑셀,9
1561,삼각,9
523,경제,9
478,거치대,9
2493,장착,9
1196,목욕,9
3073,파워홈트,9
475,거실,9
1081,링크,9
1436,보원,9
2400,자기관리끝판왕차,9
555,고정밀,9
1250,미니북,9
1476,분노,9
2997,턱걸이운동,9
1526,빅,9
3238,필라테스밴드,9
2001,압축기,9
680,글림,9
2011,애플힙업,9
1161,메이크업,9
2369,일으키기,9
2124,영어,9
1468,부직포,9
2042,어때서,9
3018,토삭스,9
3333,헤어소품,9
2617,주차,9
353,out,9
1490,붙이,9
453,감지기,9
1425,보라,9
1598,섀도우,9
1829,스피드줄넘기,9
2112,연습기,9
452,감지,9
2925,크롬도금,9
2502,저녁,9
2356,인정받고,9
1427,보리보리아이와함,9
1041,로프운동,9
1482,분해,9
459,강철,9
1481,분자,9
1068,리턴볼,9
467,개스킷,9
2360,인테리어,9
521,경보,9
464,개발,9
666,근력운동기구,9
1066,리스트,9
1956,아마존,8
2199,욕실,8
2785,추출물,8
1782,스텐,8
1870,식스라인,8
1883,신제품,8
1954,아령홈트홈트레이닝기구홈트레이닝소품아령근력운동미끄,8
1771,스탠드,8
1936,씰링,8
3416,화나,8
2290,유연,8
1770,스탠다드,8
1886,신체습관,8
1879,신상,8
2012,액세서,8
3314,행잉레그레이즈,8
2248,원소,8
2043,어떡해,8
1876,신박,8
2639,중심,8
2684,질개선,8
2798,층간소음방지,8
2008,애독,8
2102,여행,8
2711,착용감,8
2089,엣지,8
3403,홈트레이닝밴드,8
1921,싯업벤치,8
1976,안밀리,8
1809,스티머,8
1917,십대,8
2057,얼굴마사지기,8
3419,화이트보드,8
2139,오렌지롤러폼마사지롤러바디롤러홈트레이닝홈트요가폼롤러필,8
2676,직장,8
2697,쪼임,8
2771,촉진신진대사,8
1822,스포츠용품,8
1796,스트레처,8
379,take,8
255,ab휠,8
2231,운동시계,8
2007,애니멀,8
2751,체육관,8
1892,실내용,8
2170,완전판,8
2003,앞니기,8
1962,아주,8
2063,업무,8
2666,지켜주,8
2640,중앙경제평론사,8
1931,쑥쑥,8
2789,충격완화,8
1964,아침,8
1930,쎈밴드,8
2718,찾아오,8
2000,압축,8
1968,아텍스,8
3154,표시기,8
606,광폭헤드,8
82,2080키즈,8
1294,바지,8
2992,턱걸이,8
3244,필라테스짐볼,8
3243,필라테스용품,8
624,국내,8
1266,밑창,8
1261,미인,8
2996,턱걸이봉,8
2998,턱걸이운동기구,8
1529,빗,8
3014,텔레스코프,8
3016,토끼,8
2455,자아실현,8
3024,통증완화,8
3026,퇴사,8
1187,모양,8
2586,조기,8
3036,튜빙풀업밴드,8
603,광택기,8
602,광택,8
2969,탁상시계,8
1360,밴드어깨,8
1518,비서,8
1507,블럭,8
519,경량,8
1478,분말,8
3452,훌륭,8
1461,부드러운,8
1460,부가상품,8
3270,하프짐볼,8
549,고무탄력,8
551,고수볼,8
559,고주파마사지,8
560,고주파마사지기,8
1416,변형,8
563,고학년,8
2403,자기관리론국내최초,8
1408,베이킹,8
1401,베스타,8
2951,타올,8
1387,버핏,8
2610,주름,8
581,공식,8
3041,트램폴린,8
683,금욕상자,8
1148,멈뷰티피부,8
3089,팔씨름,8
991,라켓,8
2522,전기면도기,8
984,뜸,8
983,뜨겁게,8
982,뜨거운,8
3104,패턴,8
2565,정석,8
780,네이처틴트,8
2533,전선타,8
3116,페달형,8
953,드립니다,8
3122,펜던트,8
931,동전패치,8
3129,편집,8
926,동네일등,8
831,다리힙업,8
885,덤벨세트,8
3159,푸셥바,8
2550,점화,8
862,당기는운동기구,8
851,단일,8
1019,레벨,8
3087,팔뚝,8
1137,맨즈,8
2580,제품,8
701,기적,8
3215,플립벨트,8
2483,잡는,8
1110,마음관리,8
3066,파마보,8
3069,파스텔,8
1085,마리,8
3075,파티,8
726,끈없,8
2576,제안,8
734,나사,8
1059,리드리드출판,8
2572,제모,8
1046,롤폼롤러폼룰러등롤라롤러봉롤러폼,8
3445,후드,8
2364,일반,8
1549,사임당패치,8
1655,셀프탁구세트,8
1541,사각,8
2324,이분의일,8
477,거즈,8
1654,셀프탁구놀,8
439,간단,8
1749,스케일,8
410,가든,8
422,가운,8
1590,생활비,8
1685,손운동,8
2843,캐쉬북알뜰계획가계부좋은습관가계부출납수기장부캐쉬기록북가계부관리,8
1551,사회성,8
421,가우스,8
1530,빛,8
1616,설치,8
1576,새치,8
1710,수면용마우스피스,8
2860,컬러아령,8
2344,인간관계론자기관리론성공대화론,8
1613,설계해,8
3442,효율적,8
2826,카바,8
1678,손목보호대,8
1680,손목악력기,8
3388,홈요,7
373,star,7
3423,확대,7
703,기하학,7
3211,플러스피크,7
2912,쿠킹타이머,7
2071,에너지관리기사,7
3060,팅클,7
3390,홈짐세트,7
2712,참피온,7
3470,흰머리,7
1093,마사지로프,7
2086,엘스,7
1664,소음방지,7
425,가이드북,7
2668,지혜,7
1801,스트레칭로프,7
1624,성공적인,7
2587,조깅,7
2729,처치,7
2302,음소거,7
3298,해소,7
670,근육보호,7
3301,해피아워메이크,7
1186,모아리빙,7
3426,활용,7
2034,양치구강관리치아관리가글양치습관,7
3382,혼합,7
1631,성인용,7
1807,스트레칭짐볼,7
3040,트랙스타,7
2305,응원,7
2044,어려운,7
3222,피스,7
1163,멜킨,7
2467,자이로볼,7
679,글루타치온,7
437,각질,7
3047,트리머,7
1145,멀티푸쉬업바,7
738,나홀로탁구,7
1794,스트레,7
959,등운동,7
1772,스탠드액자2p,7
2156,올바른,7
2830,카운터줄넘기,7
1746,스케이트매트,7
2161,와튼스쿨,7
2320,이든앤저스티스,7
3181,풀업운동,7
2536,전신로잉밴드,7
1748,스케이팅보드,7
929,동전,7
925,동기부여,7
801,놀라운,7
918,돈관리,7
2560,정리대,7
2541,전완근운동,7
3169,푸시,7
1764,스킨,7
3142,폭탄,7
878,더블리프팅아령,7
1752,스케쥴,7
2317,이동식,7
1739,스마트훌라후프,7
2833,카운팅,7
2839,칼라아령,7
1039,로케이터,7
2575,제설,7
1060,리무버,7
737,나홀,7
3083,팔굽혀펴기봉,7
1787,스토브,7
1045,롤아웃,7
2115,염색가운,7
744,날씬한다리,7
1686,손잡,7
2144,오장육부,7
2632,중고,7
1028,레칭,7
1024,레인보우,7
3195,프로모릭스,7
3194,프로그램,7
1006,러닝머신,7
2135,오거나이저,7
3192,프레임,7
3191,프랭클린,7
988,라이프,7
2589,조립식,7
1816,스판,7
2736,천재,7
2794,취업,7
2898,코칭,7
3432,회사,7
1407,베이직북스,7
2944,킴벌리,7
2405,자기관리론미니북,7
2767,초음파,7
2406,자기관리론영한대역,7
568,골반밴드,7
3351,헬스웨,7
3354,헬스장매트,7
570,골프팔찌,7
1844,습관관리,7
3259,하드,7
1369,밸런스볼퍼플,7
476,거울,7
473,거머쥐,7
1354,백세,7
2761,초경량,7
2965,탁구라켓,7
2737,철,7
3361,현실적인,7
3252,핏분,7
1336,방법,7
1328,발톱깎,7
1327,발톱,7
1326,발찌,7
2603,좋은습관,7
2941,키친,7
1909,실용,7
2297,육각돌기,7
2940,키즈,7
3417,화살표,7
2381,일체형,7
1874,신경점,7
508,겨드랑,7
2386,입꾹밴드,7
2920,크로스,7
3280,학습용,7
3450,훌라우프,7
1884,신진대사,7
2931,큰글자책,7
528,계단,7
2906,콜란토테colantotte,7
2398,자기계발기술,7
1442,보호기,7
3290,합금,7
2776,최상,7
2651,지도자,7
1434,보안,7
1431,보수볼,7
2615,주얼리,7
1904,실무,7
1423,보드판,7
1345,배드민턴공,7
2977,탄성력,7
1292,바이킹,7
1287,바쁜,7
2993,턱걸이기구,7
1270,바꿔,7
1597,샴푸,7
1310,발란스볼,7
1265,밀크북,7
625,국내산,7
2259,월간,7
1608,선생님,7
1256,미용가운,7
2592,조인트,7
632,굿마켓,7
1609,선수용,7
451,감정관리,7
635,권투,7
2591,조용,7
2440,자물쇠,7
3331,헤비,7
644,균형잡기,7
3233,필라테스기구,7
2010,애플,7
2451,자세교정,7
1211,무게,7
2745,청소용,7
1288,바이블,7
1309,발란스,7
2986,터널,7
1969,악력,7
2599,조직관리,7
2981,탈착식,7
1575,새롭게,7
2983,태권,7
2242,워터바벨,6
2418,자기융착,6
2442,자서전,6
2629,줄없는줄넘기,6
2485,잡히,6
2437,자력,6
2658,지압볼,6
2659,지압훌라후프,6
2201,용기,6
2267,웨이트용품,6
2249,원어민,6
2380,일처리,6
2269,위기관리,6
2558,정렬,6
2206,용량,6
2301,은퇴,6
2619,주택관리사,6
2492,장악하라,6
3440,효소,6
2667,지킴,6
2534,전술,6
3430,회복,6
2624,줄넘기매트,6
2644,중학생,6
2643,중지,6
2433,자동차수리용품36인치,6
2355,인재관리,6
3429,황금비율,6
3421,화장실,6
2634,중국,6
2258,월,6
2674,직업인,6
2506,저스트파,6
2574,제빙,6
2504,저소음,6
2480,잠자,6
2345,인간관계자기관리인생경영성공대화,6
2347,인공지능,6
2278,유기체,6
2672,직송,6
2637,중량,6
2526,전동,6
2260,월마운트,6
2354,인재,6
2236,움직이,6
2235,운동홈트레이닝기구홈트홈짐튜빙밴드허벅지근육운,6
2273,위한생애설계,6
3475,힐링데,6
2233,운동용고무,6
414,가벼운,6
2191,요가용,6
3074,파이프,6
483,건강관리용품,6
494,검정,6
1069,리프터,6
727,끝내,6
2189,요가블럭,6
497,검출기,6
1522,비즈니스,6
2913,쿨,6
1519,비움,6
1516,비법,6
3077,판금,6
1511,블루색상,6
1510,블루롤러폼마사지롤러바디롤러홈트레이닝홈트요가폼롤러필라,6
3266,하의레깅스,6
1505,블랙자기,6
2919,크기,6
3281,학습전략,6
2924,크롬,6
2930,큰글자도서,6
1471,부항,6
1467,부지런,6
1465,부장,6
530,계단운동,6
1456,볼트,6
1450,복부벨트,6
1554,산업용,6
1047,롤폼얇은폼롤러운동롤러홈롤러돌기형폼롤러,6
2895,코어워크,6
1707,수면습관,6
1706,수면밴드,6
764,내구성,6
3093,팔팔하게,6
1142,먼슬리,6
1688,손전등,6
1672,속성,6
1669,소프트터치,6
1662,소비습관,6
1659,소다버블,6
2863,컬렉션,6
2865,컴퓨터,6
3307,핸디,6
1642,세라,6
435,가짜,6
1017,레드자기,6
2874,케겔운동기구핑크골반,6
441,간식,6
754,남성용빗,6
1614,설명,6
1027,레자날,6
458,강아지,6
462,개똥이네,6
2889,코르크,6
745,날짜,6
3267,하중,6
1424,보디가드차,6
411,가르치,6
1197,목표,6
1104,마스터,6
1233,문틀턱걸,6
3006,테스,6
1225,문,6
1224,무음,6
648,그루밍,6
653,그린색상,6
654,그림책,6
3058,틴트케틀벨,6
657,그립바,6
708,긴줄넘기,6
1209,몸풀기,6
664,근력운,6
1411,벤치,6
3031,튜브,6
1177,모닝글로리,6
3034,튜빙밴드라텍스운동홈트레이닝,6
1130,매직,6
1172,명상,6
1170,면보자기중,6
3038,트라이언z,6
3220,피부관리끝판왕차,6
3219,피부관리,6
1157,메모장,6
1155,메모리,6
1151,메디신공,6
696,기르기,6
685,긍정,6
633,굿프렌드,6
1100,마사지용품,6
627,국민경제멘토,6
1410,벤츠,6
1400,베스,6
1398,베개,6
1380,뱃살타파,6
1372,밸런스쿠션,6
1371,밸런스운동,6
3068,파스,6
1358,밴드그립바,6
1353,백색소음기,6
593,관리하라,6
1335,방방,6
2974,탄력라텍스라텍스밴드스트레칭스트레칭소품근력밴드,6
1324,발전기,6
1323,발열조끼,6
1319,발바닥,6
1318,발밀,6
1315,발목모래주머니,6
1313,발매트,6
1304,반짐볼,6
1098,마사지스틱,6
616,구글,6
618,구루마36인치,6
1278,바디스컬쳐,6
1271,바꿔라,6
1269,바꾼,6
626,국내최초,6
2845,캐틀벨,6
1694,손힘,6
2841,칼로리,6
914,독일,6
2051,어싱밴드,6
3131,평행봉,6
2047,어린이용,6
804,높이기,6
930,동전파스,6
2040,어깨풀업,6
2037,어깨스트레칭,6
939,둥근,6
954,들녘,6
275,ceo,6
962,디스플레,6
2014,액트쿨,6
2009,애완,6
2004,앞치마,6
285,do,6
965,디젤,6
3113,펌프포,6
778,네오필,6
3363,혈관,6
2749,체력시험준비,6
808,누출,6
2055,언제나,6
2185,요가벨트,6
3414,홈트운동메트헬스접이식스포츠홈트레이닝스트레칭,6
3413,홈트운동메트헬스접이식스포츠홈트레이닝매트리스휴대용,6
2174,외출,6
2150,오픈,6
3155,표현,6
846,단련,6
3144,폴딩매트,6
2141,오리지널,6
2136,오늘이다,6
2130,예비,6
2123,영양제,6
2122,영양,6
2120,영구,6
2106,역도벨트,6
2100,여자홈트레이닝라텍스라텍스밴드스트레칭스트레칭소품근력밴드,6
2097,여자홈,6
3394,홈트레이너,6
2091,여름,6
822,다국어,6
903,도금,6
2058,얼마인,6
1963,아치,6
1984,안테나,6
1847,습관잘,6
1845,습관교정,6
1839,슬리퍼,6
302,free,6
1819,스포츠매트,6
3328,허벅지운동기구,6
771,너,6
1803,스트레칭바,6
3322,허리스트레칭기구,6
3189,퓨어,6
3101,패션팔찌,6
3318,허리라인홈트레이닝데일리웨어요가운동스포츠티셔츠,6
2814,칠전몰,6
2815,침대,6
1763,스키니랩,6
3313,행복해지,6
1761,스크루,6
1758,스크래퍼,6
1747,스케이트보드,6
406,가구,6
1728,쉐이크,6
1724,숙제,6
1720,수첩,6
1851,시각화,6
1820,스포츠밴드,6
2770,촉진신진,6
2779,최적화,6
1953,아령홈트홈트레이닝기구홈트레이닝소품아령근력운동미,6
1946,아령1kg,6
1939,아날로그,6
977,떡메모지,6
3348,헬스운동,6
1918,십자,6
1916,심플,6
1912,실천적,6
3106,퍼밍,6
1907,실속형,6
2772,총,6
1895,실내운동기구어린이줄넘기무선줄넘기,6
691,기념일,6
986,라운드티,6
1858,시관,6
3340,헬스복,6
774,넓은끈,6
1868,식단,6
3054,특별한정보급판,5
3151,폼플,5
3188,풍력,5
3153,표시,5
3067,파마보자기,5
3200,프리,5
3085,팔귭혀펴기,5
2581,젠링,5
3110,펀칭볼,5
3099,패브릭,5
3086,팔꿈치,5
3127,편안하게,5
3140,폭,5
3473,히팅기,5
3168,푸쉬업푸샵운동홈트홈트레이닝팔굽혀펴기푸쉬업풋샵,5
3476,힐링패치,5
3212,플레이트,5
3064,파동,5
3062,파나소닉,5
3105,퍼머보,5
3137,포켓북,5
3198,프로페셔널,5
3078,판매,5
2567,정전기방지,5
3345,헬스옷,5
3374,호이스트,5
3369,협력,5
3368,혈침기,5
3364,혈당관리,5
2748,체력,5
2762,초급자용,5
3343,헬스스포츠,5
3381,혼자운동,5
3341,헬스봉,5
2781,추가벨트,5
2790,충격흡,5
3325,허벅지근육운동,5
2642,중장년,5
2810,친업,5
2816,침묵,5
3427,활용할까,5
2727,챙김,5
3217,피넛,5
3397,홈트레이닝기구ab스트랩,5
3409,홈트아령,5
3407,홈트레이닝필라테스폼롤러종아리폼롤러헬스롤러스트레칭,5
2688,짐스틱퍼플,5
3398,홈트레이닝기구라텍스라텍스밴드스트레칭스트레칭소품근력밴드,5
2692,집중력,5
2693,집중시계,5
2695,짜증내지,5
2702,차가운,5
2726,챌린지,5
2714,창문,5
2719,채찍,5
3424,확인,5
2723,책에반,5
2665,지침서,5
2664,지출관리,5
3383,혼합곡,5
2825,카메라,5
2835,카펫,5
3000,턱수염디자인,5
3273,학생용,5
2960,타입,5
3254,핑거,5
2970,탁상용,5
2987,터빈,5
3241,필라테스소도구,5
3001,턱수염빗,5
2851,커리어,5
3009,테슬라,5
3013,텐셔너,5
2588,조끼,5
3019,토탈케어,5
3035,튜빙세트,5
3468,흡착식윗몸일으키기기구,5
2922,크로스핏용품,5
2620,주파,5
3282,한권,5
3283,한달,5
2873,케겔운동기구민트골반,5
3438,효능,5
3299,해외,5
2878,케이블정리홀더,5
2883,켤레,5
2625,줄넘기운동,5
3296,해먹,5
2890,코막힐때,5
2896,코에붙이,5
2899,코클리어,5
2905,콜라겐,5
3443,효율적인,5
3285,한일의료기,5
2621,죽도록,5
2994,턱걸이바,5
958,등산용품,5
377,s푸시업바,5
1821,스포츠용,5
375,stop,5
1824,스포홀릭,5
374,start,5
1220,무릎보호대,5
777,네오프렌아령,5
359,pick,5
963,디자이너빗,5
782,네트워크,5
1855,시간표,5
1212,무게조절,5
341,msd밴드,5
1891,실내매트요가매트필라테스매트운동매트홈트레이닝홈요,5
1815,스파트,5
766,내부,5
1736,스마일,5
1277,바디마사지,5
443,간편한운동,5
1751,스케줄러,5
1753,스케쳐스깔창,5
1756,스퀴지,5
1246,미남,5
1759,스크래핑,5
1243,미국,5
1765,스킬,5
431,가정용턱걸,5
758,남자복근운동,5
397,worrying,5
1234,문틈,5
392,type,5
1792,스트라이크,5
391,tv연동,5
1199,목표설정,5
1898,실내철봉,5
1973,안경,5
1979,안전아령,5
1981,안전한운동기구,5
1179,모듈,5
1173,명품인맥,5
2019,야간,5
1169,면보자기소,5
2031,양장본,5
1181,모래,5
651,그리스도인,5
1965,아쿠아,5
790,노이즈,5
325,living,5
792,노즐,5
799,논슬립매트,5
1913,실패,5
1914,심리학자,5
1922,싯업보드,5
1924,싱크,5
1925,싸이클,5
1194,목록,5
1938,아귀힘,5
318,kit,5
1943,아동줄넘기,5
1947,아령1kg2개,5
1192,목걸이팔찌,5
1957,아미노산,5
1284,바른자세,5
735,나시,5
2041,어댑터,5
1347,배우,5
1350,배터리,5
594,관리할,5
579,공부타이머,5
1548,사은품증정,5
1550,사회복지관,5
1348,배운다,5
1558,살아가,5
565,골,5
1567,상위,5
562,고품질,5
1569,상처,5
1339,방음,5
705,기획전,5
1583,생각,5
1584,생각하라,5
1538,뽀모도,5
1355,백업,5
1528,빌딩,5
1409,벤저민,5
1417,변환,5
1432,보쉬,5
639,귀이개,5
1453,본사,5
1483,불가리안백,5
1485,불행,5
1385,버튼,5
1373,밸런스파워,5
1491,붙이기,5
1368,밸런스볼실버,5
1501,브레이크,5
608,교양,5
607,괴짜,5
605,광파,5
1512,블루오션,5
553,고양,5
550,고밀,5
1596,샤인빈,5
1299,반려견,5
1687,손잡이회전,5
1690,손지압볼,5
1691,손질,5
1698,쇄골,5
1297,박주홍,5
1705,수면교육,5
1295,박문각,5
1293,바인더,5
1713,수분,5
472,거꾸리,5
1718,수직,5
723,꾸미기,5
1723,숙련자,5
1727,숫자,5
1684,손안마기,5
1665,소재,5
1331,발효효소,5
495,검정자이로볼손목운동기구홈트레이닝손목운동손목운동볼손,5
544,고무스트레칭기구,5
1600,서울문화사,5
1330,발포,5
1329,발판,5
537,고급스러운,5
517,겸용,5
1615,설정,5
1629,성과관리모형,5
1632,성장,5
516,결핍,5
1320,발바닦,5
1637,성진,5
1645,세척,5
513,견인,5
1648,세트33cm,5
504,게으른,5
1311,발레,5
1168,면보자기대,5
1967,아쿠아블루,5
1074,리필지,5
2346,인간관리,5
2349,인도보드,5
886,덤벨아령,5
2358,인체,5
2365,일반모,5
2374,일자,5
2384,임산부,5
2385,입,5
2388,입벌림,5
1048,롤폼요가매트요가용품홈트레이닝홈트매트홈트레이닝매,5
2408,자기관리용,5
916,독특,5
2322,이발가운,5
2254,원판,5
1166,면도빗,5
2256,원판운동기구헬스기구홈트레이닝기구스트레칭판스트레칭원판트위스트,5
204,5컬러스트레칭매트필라테스매트홈트레이닝매트실내운동매트메트,5
1095,마사지링,5
869,대만산여자홈트레이닝홈트레이닝집,5
1089,마사자기,5
2286,유선,5
2288,유압,5
1088,마사,5
2289,유압식,5
2294,유쾌,5
870,대용량,5
2309,의자,5
1083,마그네슘,5
2419,자기장,5
2423,자기주도성,5
992,라크로스볼,5
947,드라이어,5
949,드레싱,5
980,뚝배기,5
2503,저당습관,5
2514,적합,5
952,드림매뉴얼,5
974,땀,5
972,딸,5
2540,전신튜빙밴드,5
2542,전용,5
2547,절묘,5
971,따뜻한,5
2439,자명종,5
2429,자녀,5
1005,러닝,5
937,두달,5
2435,자동차작키,5
2436,자동카운터,5
2445,자석깔창,5
2457,자연법칙,5
943,뒷면자석,5
1000,램프,5
998,락토페린,5
944,듀티,5
61,1set줄넘기헬스용품무선줄넘기홈트레이닝홈트용품줄없는줄넘기실내줄넘기노라인줄넘기,5
205,5컬러헬스스트레칭필라테스홈트운동홈트레이닝가정용,5
2244,원격,5
252,ab매트,5
2140,오리지날,5
2146,오즈,5
2243,워터백,5
1121,만화,5
850,단열,5
2164,완벽,5
2181,요가매트16mm,5
253,ab슬라,5
847,단면,5
2183,요가바,5
830,다리털,5
1158,메모지,5
2072,에듀윌,5
2076,에세이,5
1153,메르세데스,5
2082,에이미스aimeis,5
2085,엔틱,5
832,다목적,5
835,다용도,5
841,다이어트짐볼,5
842,다채로운,5
2114,열선,5
2182,요가매트가방,5
649,그루밍키트,5
2237,웃으면,5
2207,용재수필,5
2190,요가양말,5
2187,요가볼,5
2219,운동고무밴드,5
1103,마스크제공,5
2241,워킹머신,5
2239,웅진북센데일카네기,5
3196,프로스펙스,4
815,눈전극,4
3119,페이지,4
684,금전,4
694,기록용,4
3118,페이스,4
883,덤벨볼,4
866,대기업,4
681,금도금,4
702,기출문제집,4
3150,폼볼,4
840,다이어트줄넘기,4
769,내열성,4
704,기획,4
756,남여구두,4
863,당김,4
768,내열냄비,4
762,낫소,4
678,글러브ragb1562헬스장갑헬스용품홈트레이닝트레이닝글러브,4
674,글러브ragb1451314516헬스장갑헬스용품홈트레이닝장갑헬스용장갑,4
658,그물망,4
818,니스포,4
3228,핀치,4
669,근육강화,4
671,근육운동,4
3225,피티니스,4
3166,푸쉬업바푸시업바홈트레이닝악력기푸쉬바푸쉬업기구푸시업팔굽혀펴기기구,4
675,글러브ragb145436헬스장갑헬스용품홈트레이닝장갑헬스용장갑반장갑,4
816,느긋하게,4
955,들려주,4
676,글러브ragb1551헬스장갑헬스용품홈트레이닝장갑헬스용장갑반장갑,4
767,내신관리,4
3221,피쉬콜라겐,4
3193,프렌즈,4
3165,푸쉬업바s형색상랜덤,4
677,글러브ragb1552헬스장갑헬스용품홈트레이닝장갑헬스용장갑반장갑,4
3123,펴기,4
813,눈썹정리기,4
3213,플렉스바,4
3173,푸안나fuanna,4
3133,포스터,4
879,덤밸,4
714,깃털,4
3209,플랭크기구,4
881,덤벨거치대,4
899,덴탈케어,4
716,깊은잠,4
898,덴탈,4
720,깨부수기,4
897,데칼,4
3206,플래닝,4
882,덤벨렉기본형,4
3204,플라잉요,4
784,넥스,4
852,단체,4
3138,포터블,4
3141,폭조절,4
721,꼬임방지,4
3182,풀커버,4
789,노약자,4
905,도배롤,4
911,도파민,4
752,남성여성홈트레이닝,4
873,대화법,4
3184,풋,4
811,눈꺼풀,4
940,뒤,4
810,눈건강,4
748,남,4
779,네이비,4
3158,푸셥,4
861,당근,4
3177,풀업기구,4
707,긴급,4
803,높낮이조절,4
932,되어라,4
3128,편안해지,4
739,낚시,4
848,단순,4
849,단순화,4
854,단품,4
922,돌출형,4
928,동시,4
2553,접지선,4
650,그릇,4
3405,홈트레이닝철봉도어철봉도어용철봉문틀철봉가정용풀업바턱걸이,4
256,ab휠슬라이드,4
251,ab롤,4
3399,홈트레이닝다리운동다리스트레칭스트레칭소품스트레칭용품,4
3402,홈트레이닝메트,4
3406,홈트레이닝필,4
3356,헬스후프,4
208,600x25mm덤벨바아령봉중량봉덤벨아령홈트근력강화홈트기,4
3415,홈피트니스,4
3360,현미,4
306,habits,4
3373,호스,4
278,day,4
3376,호텔,4
3377,호환,4
3379,혼시티,4
3425,환자,4
79,2024달력,4
3471,히뚜상점,4
3478,힘조절가능1040kg,4
14,10kg홈트홈트레이닝근력운동근력운동기구아령가정용아령가정용덤벨덤,4
3457,휴대용체육관,4
171,4mm요가매트스트레칭매트필라테스매트홈트레이닝매트메트,4
3433,회사원,4
3435,회전식,4
3439,효모,4
3441,효율성,4
114,2개입운동스트레칭트레이닝홈트홈트레이닝필라테스스포츠,4
111,2개요가매트운동메트헬스홈트접이식스포츠홈트레이닝휴대용,4
109,2p홈트레이닝,4
645,그라인더,4
571,곰처럼,4
564,곡물,4
3265,하위,4
556,고정바,4
552,고순,4
548,고무줄운동,4
543,고무밴드운동,4
539,고급형,4
3278,학습법,4
3279,학습시간관리,4
512,겨털,4
498,검회,4
496,검증,4
491,걸어라,4
490,걸쇠,4
488,걷기,4
3260,하드타입,4
576,공부계획,4
3256,핑크롤러폼마사지롤러바디롤러홈트레이닝홈트요가폼롤러필라,4
598,괄약근수축,4
643,균형운동,4
3235,필라테스링핑크,4
640,귀침,4
3237,필라테스바,4
3239,필라테스볼,4
3240,필라테스봉,4
630,굳은살,4
628,국민도어,4
621,구매시,4
619,구루마40인치,4
3245,필라테스헬스트레이닝운동도구용품,4
3246,필라테스홈트레이닝,4
3247,필라테스홈필라테스필라테스홈,4
3248,필라테스휠,4
601,광자,4
3253,핏퐁,4
600,광석,4
487,건망증gmz,4
3291,합리적인,4
474,거북목교정,4
3337,헬스로프,4
326,long,4
3346,헬스용,4
319,kneemassage,4
3349,헬스운동기구,4
3350,헬스운동라텍스라텍스밴드스트레칭스트레칭,4
3353,헬스장갑sb825헬스장갑헬스용품홈트레이닝장갑헬스용장갑반장갑헬스반장갑,4
3326,허벅지살,4
3294,해결사,4
371,set,4
469,개정증보판,4
465,개발자,4
445,갈색,4
444,간편한운동용품,4
3300,해피데,4
438,각질관리패드,4
3303,핵심이다,4
432,가족,4
415,가볍게,4
412,가마솥,4
405,가계부금전출납부용돈기입장장부가게부다이어리캐쉬플래너관리,4
3320,허리보호대,4
449,감옥,4
969,딥스바,4
1975,안마세트,4
2020,야광,4
2732,천국의계단,4
2734,천연고무요가매트,4
2735,천연석,4
2016,액티브라이프,4
2015,액티브,4
2739,철봉운동,4
1982,안정성,4
2747,체계적,4
2143,오일타이머,4
1961,아이코닉,4
1959,아이워,4
1955,아로마,4
1952,아령정리,4
1949,아령바,4
1948,아령거치대,4
1941,아대,4
1940,아날로그방식,4
2024,얇은,4
2025,얇은매트,4
2032,양지사,4
2724,책읽기,4
2129,예방,4
2128,예민,4
2121,영수증,4
2119,영감,4
2107,역사,4
2706,차량용커피포트,4
2707,차박,4
2708,차조기,4
2104,역기,4
2087,엠보싱,4
2081,에어쿠션,4
2080,에어보드,4
2715,창문안전바,4
2069,엉망진창,4
2064,업무용,4
2061,엄마마,4
2059,얼음,4
2054,억제,4
2052,어싱파동밴드머리,4
1908,실수,4
1906,실버티타늄블랙,4
1826,스프링로드,4
2801,치과의사,4
1823,스포츠웨어,4
2804,치매박사,4
1814,스팀기,4
2807,치약,4
1811,스티커포,4
1800,스트레칭도구,4
1788,스토퍼,4
1784,스텐칼날,4
2813,친환경,4
1783,스텐철봉도어철봉도어용철봉문틀철봉가정용풀업바턱,4
1781,스테퍼,4
1775,스탭퍼,4
1774,스탭밀,4
2818,침흘림방지,4
1760,스크레이퍼,4
2824,카라비너,4
1744,스캐닝,4
2799,층간소음운동매,4
1828,스피드,4
1903,실리콘손목보호대2pcs손목보호대보호대아대손가락보호손가락보호대홈트홈트레이닝운동용품보호,4
1831,슬라이더,4
1900,실드,4
1899,실내헬스,4
2775,최고급,4
1897,실내줄넘기,4
1896,실내자전거,4
1887,신축성,4
1882,신속,4
1881,신성,4
1880,신상품,4
1869,식단조절,4
1866,시험대비,4
1856,시간혁명,4
2788,충격,4
1854,시간관리법,4
1850,시각,4
1846,습관달력,4
1842,슬림핏,4
1841,슬림구슬,4
2132,예산링,4
2694,징계,4
1742,스윙,4
2425,자기파스,4
2468,자이로볼자이로볼손목운동기구홈트레이닝손목운동손목운동볼손목운동기손,4
2458,자외선,4
2453,자수정,4
2452,자소엽,4
2434,자동차수리용품40인치,4
2595,조절하지,4
2596,조절형,4
2428,자기훈련,4
2427,자기혁신,4
2601,종아리링,4
2147,오키드,4
2421,자기조절학습능력,4
2605,좌식,4
2416,자기야,4
2415,자기부상,4
2411,자기리프터,4
2609,주단위,4
2410,자기냄비,4
2409,자기관리필수품,4
2407,자기관리론큰글자책,4
2472,작업용,4
2583,젤리,4
2474,작키,4
2477,잘못,4
2548,절약기,4
2561,정리도구,4
2562,정민미디어,4
2539,전신운동필라테스도구요가도구필라테스소품홈트레이닝도구홈헬스도구헬스도구,4
2532,전보다,4
2528,전류,4
2524,전기선,4
2521,전기덴트,4
2511,적게,4
2508,저축,4
2505,저스트업,4
2573,제모기,4
2501,저널,4
2498,재정관리,4
2496,재발견,4
2495,재료,4
2484,잡는힘,4
2482,잠자기전,4
2614,주아카시아리빙,4
2402,자기관리론국내,4
2392,자가,4
2279,유니섹스,4
2262,웨이브,4
2255,원판운동기구헬스기구홈트레이닝기구스트레칭판스트레칭원판트,4
2663,지출,4
2230,운동봉,4
2227,운동메트헬스홈트접이식스포츠홈트레이닝스트레칭매트리스,4
2225,운동기구필라테스실내훌라후프스마트훌라후프홈트레이,4
2669,직관적,4
2224,운동기구링요가링필라테스필라테스링서클링요가서클링요가,4
2671,직무관리,4
2223,운동기구그린,4
2220,운동공,4
2675,직원,4
2681,진동소리모드,4
2177,요가도구,4
2168,완장,4
2687,짐스틱짐스틱전신운동코어운동팔운동하체운동운동기구홈웨이트기구홈트레이닝기구근력운,4
2152,오후공간,4
2151,오피스,4
2691,집중,4
2265,웨이트밴드,4
2280,유대인,4
2387,입문용,4
2652,지르코니아,4
2366,일반형,4
2362,일다운,4
2626,줄넘기줄넘기헬스줄넘기운동줄넘기다용도줄넘기카운터,4
2338,이해,4
2630,줄이,4
2337,이지중량밴드,4
2335,이중턱,4
2334,이중자기,4
2333,이중안전,4
2327,이악무는습관,4
2318,이동형버클,4
2316,이동,4
2641,중요,4
2300,윤활,4
2299,육각형,4
2293,유치원,4
2285,유산소줄넘기,4
1,045mm밴드튜빙밴드스트레칭밴드헬스홈트홈트밴드홈트레이닝밴드라,4
973,딸부잣집,4
3030,튜닝밴드,4
1202,몰입,4
2552,접이식매트,4
1198,목표관리,4
1195,목봉,4
1193,목공,4
3025,통풍,4
1191,목걸이,4
1189,목건조방지,4
1305,반투명,4
1176,모니터,4
1175,모근강화,4
3039,트래커,4
1160,메쉬,4
3043,트레이너,4
1159,메모패드,4
3046,트레일,4
3048,트와일라잇,4
1147,멀티홈,4
1204,몸값,4
1207,몸무게,4
1214,무기,4
2984,태도,4
2988,터치,4
2989,터치식,4
1290,바이올렛,4
1286,바벨케틀벨덤벨,4
1281,바디크루,4
1251,미니슬라이드,4
1249,미니멀,4
1247,미네랄,4
1241,뭔지,4
1240,물리치료,4
1237,물구나무,4
1235,문학홀릭,4
1230,문콕,4
1227,문어,4
1226,문구,4
1218,무료배송,4
3010,테이,4
1217,무료,4
1146,멀티헬스,4
3052,특별,4
1051,루틴,4
1044,롤러코스터,4
1031,렛풀다운그립,4
1029,레풀,4
1023,레이더,4
1015,레드led자기,4
3091,팔운동기구,4
1010,런닝복,4
1008,런닝,4
1004,랫플,4
3096,패달,4
1003,랫풀,4
1002,랩핑,4
996,라텍스탄력,4
990,라일락퍼플,4
981,뛰어난,4
978,떨림,4
3107,퍼즐,4
975,땀복,4
3084,팔굽혀펴기푸샵운동홈트홈트레이닝팔굽혀펴기푸쉬업풋샵,4
1134,매트요가매트요가용품홈트레이닝홈트매트홈트레이닝매트홈요,4
3080,팔각형,4
1132,매트ramt11024,4
3055,튼튼,4
1115,마케팅,4
1113,마지막,4
1111,마음챙김,4
1106,마우스,4
1105,마시지,4
1099,마사지스틱폼롤,4
3065,파마,4
1097,마사지볼마사지스틱폼롤,4
1091,마사지공,4
3071,파우치,4
1082,마그,4
1078,릴리프,4
1077,릴리스,4
1075,릴레,4
1073,리프팅밴드,4
1071,리프트자동차,4
1301,반복,4
1316,발목스트랩,4
1735,스노우보드,4
1573,상황,4
1611,선정리,4
1610,선수용줄넘기,4
1603,서핑연습,4
1599,서울,4
2882,케틀벨케틀벨덤벨헬스용품운동용품홈트레이닝홈트용품홈트헬스장케,4
1594,샤오미,4
1592,생활용품,4
1591,생활습관병,4
1572,상하의세트,4
2978,탄성바,4
2893,코어운동근력소근육웨이트홈트홈트레이닝,4
1566,상세,4
1564,상급자용,4
1559,살아라,4
1553,산본점,4
1545,사로잡,4
2904,콘솔,4
1542,사계절,4
1539,뿌리,4
2872,케겔운동기구그린골반,4
2871,케겔운동기구그린,4
1638,성형,4
1641,세금,4
1732,슈즈,4
1731,슈박스,4
1730,쉽게,4
2836,카포트,4
1719,수집,4
1717,수족냉증,4
1716,수정,4
1711,수명,4
1708,수면습관관리,4
1701,수건,4
2850,캡슐,4
1683,손악력기,4
1681,손목운동,4
1663,소소,4
2862,컬러풀달력,4
1652,셀러허브옹기,4
1649,세포,4
1646,세척제,4
1536,빼보자,4
1533,빨대,4
1524,비타민c,4
2945,킹,4
2947,킹트레이드,4
1396,법적,4
1393,범위,4
2950,타오,4
2952,타월,4
2953,타이,4
1381,뱃살훌라후프,4
1370,밸런스볼핑크,4
1364,밴딩운동,4
1362,밴드헬스소품헬스밴드운동용밴드헬스용밴드풀업바밴드풀업밴드운동소품홈트레이닝도구트,4
1359,밴드스트랩줄탄성스쿼트루프용품소근육발달,4
1357,밴드균형훈련스트랩다용도스트랩스트레칭끈스트레칭밴드요가,4
2964,탁구놀이세트,4
1349,배치,4
1341,방진,4
2971,탁월,4
1337,방수,4
1317,발목줄넘기,4
2946,킹트,4
1520,비주얼,4
2943,키퍼,4
1506,블랙헬스장갑헬스용품홈트레이닝장갑헬스용장갑반장갑헬스반장갑,4
1504,블랙블랙,4
2917,큐티클,4
1503,블랙led자기,4
1499,브레드이발소75g,4
1494,브라운,4
2923,크로파,4
1488,붓기,4
2926,크롬홈트홈트레이닝기구홈트레이닝소품아령근력운동미끄,4
1486,불황기,4
2928,크리스탈실키,4
1474,북데일,4
1466,부저,4
1452,복원,4
1446,복근왕,4
1440,보충,4
1439,보조제,4
1437,보육교사,4
1421,보냈다,4
3485,힙합,4
