Token,Frequency
045mm,5
045mm밴드튜빙밴드스트레칭밴드헬스홈트홈트밴드홈트레이닝밴드라,4
05kg,21
065mm,8
095mm,7
10,36
100,15
100lb,4
100mm,4
100년,42
100일,7
103kg,6
1040kg,4
10kg,28
10kg홈트홈트레이닝근력운동근력운동기구아령가정용아령가정용덤벨덤,4
10m,5
10mm,95
10mmoftr244,5
10pcs,16
10개,6
10매,5
10매입,14
10분,11
11,19
110,5
1150mah,9
115kg,4
11pcs,6
12,25
120ml,4
12kg,9
12mm,6
12v,9
13,4
14,8
1440분,4
15,7
150lb,6
150x190c,9
150x190cm,8
150주,4
15kg,35
15mm,19
15억,19
16,7
16kg,5
16mm,34
170ml,8
18,6
1800,5
180kg,5
180x200c,9
180x200cm,8
18kg,6
18mm,7
1948년,5
1kg,46
1p,25
1pc,17
1pcs,6
1set,8
1set줄넘기헬스용품무선줄넘기홈트레이닝홈트용품줄없는줄넘기실내줄넘기노라인줄넘기,5
1개,35
1개추가증정,4
1단,11
1단계,25
1면1일,4
1분,13
1세트,39
1시간,10
1인,4
1자형튜빙밴드,20
1학년,28
20,27
2021,6
2022,12
2023,7
2024,55
2024년,16
2024달력,4
2050pcs,18
2080,41
2080키즈,8
20kg,9
20kg일자형,4
20m,6
20mm,31
20pcs,10
20대,6
21mm,5
21인치,4
220v,4
225kg,5
23,5
24mm,6
24강,10
24시간,4
25,8
25kg,6
25mm,4
26개,5
27,5
28일,4
2in1,6
2kg,42
2m,45
2mm,4
2p,40
2pcs,4
2p홈트레이닝,4
2개,74
2개요가매트운동메트헬스홈트접이식스포츠홈트레이닝휴대용,4
2개입,21
2개입아령국산덤벨홈트홈트레이닝집,10
2개입운동스트레칭트레이닝홈트홈트레이닝필라테스스포츠,4
2권,6
2단,40
2단계,36
2매입,94
2반,22
2세트,5
2종,8
2차,7
3000,5
30cm,12
30kg,7
30대,17
30분,4
30일,18
32구,4
33cm,5
3567,12
35세,10
360,9
365,23
365일,8
36개,7
37x29x25cm,4
3d,17
3kg,25
3m,19
3p,14
3step,11
3개,4
3개월,8
3개입,6
3권,8
3년,10
3단,28
3단계,46
3매입,27
3부작,24
3분,7
3세대,20
3일내,136
3종,15
3종세트,6
3줄,5
3컬,9
3학년,22
40,6
403,4
406,4
40kg,5
40대,14
45,5
45cm,28
45kg,10
47cm,8
4kg,33
4mm,16
4mm요가매트스트레칭매트필라테스매트홈트레이닝매트메트,4
4개,6
4개월,4
4개입,23
4단,8
4단계,76
4라인,9
4륜,4
4매입,9
4줄,4
50,7
500g,5
50kg,8
50mm,7
50대,9
51020pcs,23
51kg,5
52cm,4
53,5
55,11
55cm,14
59kg,6
5cm,4
5kg,35
5mm,12
5w,9
5개,9
5단,4
5단계,86
5매입,8
5분,4
5종,11
5종세트,14
5컬러스트레칭매트필라테스매트홈트레이닝매트실내운동매트메트,5
5컬러헬스스트레칭필라테스홈트운동홈트레이닝가정용,5
60,5
600x25mm,5
600x25mm덤벨바아령봉중량봉덤벨아령홈트근력강화홈트기,4
600가우스,6
60cm,26
60개입,4
60대,5
60매,4
60분,8
61cm,5
63mm,9
65cm,22
67,9
6kg,25
6mm,91
6개월,8
6개입,17
6단계,30
6블럭,9
75mm,4
78kg,5
7kg,16
7단계,35
80,12
80g,5
840,5
8kg,10
8mm,49
8개입,5
8단계,6
8자,10
8자밴드,7
8자형,17
9009a,20
90cm,12
90x180cm,4
91cm,9
9988,7
9999,4
99세,9
9kg,8
a5,7
a6,4
ab,6
abs,5
ab롤,4
ab매트,5
ab슬라,5
ab슬라이드,28
ab휠,8
ab휠슬라이드,4
ac,9
ae,6
ai,5
and,4
asgem,4
atomic,4
aura,4
b08,12
bangles,6
banhclne,8
besko,4
best,7
bioresonance,6
bmw,14
bn,5
book,8
by,4
cd1장포함,8
ceo,6
cm,5
c타입,4
day,4
dc,5
dd,5
dd11082,14
ddymd,5
diy,20
dms,6
do,6
dq12,4
dsiv,4
dyus8tb06,6
eg,9
ehxs01,5
emi,7
ems,25
epp,23
eu151,4
eu3230,4
eu3600,5
eva,26
eva폼롤,4
excel,9
fc1,6
fn,6
free,6
gd그립,5
gnj,9
gps,19
habits,4
hook,5
how,6
h형,24
id,4
in,26
it,4
iw,14
james,4
jbs04,4
kdybd,4
kinbor광보,25
kit,5
kneemassage,4
ks,8
ky6,4
k모먼트,5
lcd,14
led,31
living,5
long,4
loop,11
luazha1,5
lw,4
m10869,13
m11082,7
madalena,4
maxgeek,6
mba,7
md엠디ln,4
md엠디yd,8
mg,4
mini,4
mod,6
ms,7
msd밴드,5
mst101,4
my,41
myd,5
nbr,134
nbr요가매트,17
necklace,11
new,10
n잡,5
omspush,7
omssb,11
omt,19
out,9
oz,15
pc,32
pcs,17
period,97
pg100,4
pick,5
plaid,4
planwith,23
ppf,7
pulsera,5
pvc,131
qrma,6
rainso,5
s439,8
sarara,4
sb886,4
sellfre,6
set,4
sh2,7
star,7
start,5
stop,5
s로즈,10
s푸시업바,5
s형,21
take,8
tao,11
tens,13
the,4
thz,9
to,10
tpe,72
tpe멀티튜빙세트,15
tpe센터라인,22
tpu,5
trionz,5
tv,26
tv연동,5
type,5
usb,74
vtla,4
wb,7
wcc2,8
worrying,5
x1,7
x1개,14
x2개,9
x2와이드,4
xl,9
가,15
가계부,12
가계부금전출납부용돈기입장장부가게부다이어리캐쉬플래너관리,4
가구,6
가글,37
가능,132
가드,13
가든,8
가르치,6
가마솥,4
가방,17
가벼운,6
가볍게,4
가슴,51
가슴운동,29
가슴운동기구,10
가열,120
가열기,12
가우스,8
가운,8
가위,28
가이드,25
가이드북,7
가장,18
가정,20
가정용,210
가정용운동기구,12
가정용철봉,16
가정용턱걸,5
가족,4
가죽,19
가진,11
가짜,6
각,4
각질,7
각질관리패드,4
간단,8
간섭,13
간식,6
간편,39
간편한운동,5
간편한운동용품,4
갈색,4
감각,11
감량,13
감소,143
감옥,4
감정,40
감정관리,7
감지,9
감지기,9
강,82
강도조절,11
강력,35
강력자석,16
강아지,6
강철,9
강화,56
개,83
개똥이네,6
개몫,11
개발,9
개발자,4
개선,17
개스킷,9
개인,23
개정증보판,4
개정판,21
거,7
거꾸리,5
거머쥐,7
거북목교정,4
거실,9
거울,7
거즈,8
거치대,9
걱정,23
건,6
건강,714
건강관리,24
건강관리용품,6
건강목걸,13
건강습관,14
건강팔찌,159
건망증gmz,4
걷기,4
걸,15
걸쇠,4
걸어라,4
검,27
검사,15
검정,6
검정자이로볼손목운동기구홈트레이닝손목운동손목운동볼손,5
검증,4
검출기,6
검회,4
것,8
게,36
게르마늄,119
게르마늄목걸,12
게르마늄팔찌,26
게으른,5
게이지,24
게임,13
겔라루체,26
겨드랑,7
겨울,76
겨울방학,18
겨울용,10
겨털,4
견인,5
결,4
결정,11
결핍,5
겸용,5
경고,17
경량,8
경력관리,15
경보,9
경부,11
경제,9
경추,13
경혈,11
곁,18
계,19
계단,7
계단오르기,14
계단운동,6
계속하게,24
계획,42
계획책,21
계획표,82
고,12
고급,46
고급스러운,5
고급양장본,12
고급형,4
고등학생,12
고무,318
고무밴드,46
고무밴드운동,4
고무스트레칭기구,5
고무아령,13
고무육각아령,15
고무줄,10
고무줄운동,4
고무탄력,8
고밀,5
고수볼,8
고순,4
고양,5
고정,73
고정밀,9
고정바,4
고정식,10
고주파,16
고주파마사지,8
고주파마사지기,8
고탄력,11
고품질,5
고학년,8
곡물,4
골,5
골드,23
골반,18
골반밴드,7
골반보정,9
골프팔찌,7
곰처럼,4
공,6
공구,29
공명,64
공부,66
공부계획,4
공부법,12
공부습관,18
공부타이머,5
공시생,9
공식,8
공용,35
공책,19
과제,20
관,8
관계,9
관계론,9
관리,1984
관리론,45
관리법,14
관리용,18
관리자,27
관리하라,6
관리할,5
관리해야,12
관절,18
괄약근,13
괄약근수축,4
괄약근운동,21
광석,4
광자,4
광택,8
광택기,8
광택기용,17
광파,5
광폭헤드,8
괴짜,5
교양,5
교육,11
교정,14
교정기,22
교체,10
구,7
구강,21
구강관리,53
구글,6
구글타이머,10
구루마36인치,6
구루마40인치,4
구리,46
구매시,4
구슬,60
구조,16
국내,8
국내산,7
국내최초,6
국민경제멘토,6
국민도어,4
국산,21
굳은살,4
굴리,34
굿마켓,7
굿프렌드,6
권,6
권투,7
귀,41
귀걸,40
귀여운,14
귀이개,5
귀침,4
규율,20
균형,30
균형운동,4
균형잡기,7
그라인더,4
그레,17
그레이,34
그루밍,6
그루밍키트,5
그릇,4
그리스도인,5
그린,54
그린색상,6
그림책,6
그립,12
그립감,10
그립바,6
그물망,4
근,13
근력,316
근력강화,18
근력기,63
근력밴드,59
근력운,6
근력운동,234
근력운동기구,9
근력운동밴드,29
근육,111
근육강화,4
근육보호,7
근육운동,4
근육키우기,10
글라이딩,11
글러브ragb1451314516헬스장갑헬스용품홈트레이닝장갑헬스용장갑,4
글러브ragb145436헬스장갑헬스용품홈트레이닝장갑헬스용장갑반장갑,4
글러브ragb1551헬스장갑헬스용품홈트레이닝장갑헬스용장갑반장갑,4
글러브ragb1552헬스장갑헬스용품홈트레이닝장갑헬스용장갑반장갑,4
글러브ragb1562헬스장갑헬스용품홈트레이닝트레이닝글러브,4
글루타치온,7
글림,9
금도금,4
금속,20
금욕상자,8
금전,4
긍정,6
기,327
기계,91
기계식,14
기구,451
기기,22
기념일,6
기능,14
기록,15
기록용,4
기록표,22
기르기,6
기모,13
기본,11
기분,17
기술,91
기적,8
기출문제집,4
기하학,7
기획,4
기획전,5
긴,14
긴급,4
긴줄넘기,6
길,13
김,8
김경필,8
김동환,12
김수열,11
깃털,4
깊,6
깊은잠,4
까운,6
깔끔,39
깔창,28
깨부수기,4
꼬임방지,4
꼰,6
꾸미기,5
꿀잠,10
꿈,22
끈없,8
끝내,6
나,86
나간,8
나노,8
나리아,5
나만,16
나무,17
나사,8
나시,5
나일론,13
나홀,7
나홀로탁구,7
낚시,4
난방,59
날,6
날개살,33
날씬,14
날씬한다리,7
날짜,6
날짜형,20
날카로움,14
남,4
남녀,14
남녀공용,35
남성,200
남성여성홈트레이닝,4
남성용,63
남성용빗,6
남여,13
남여구두,4
남자,142
남자복근운동,5
남자스포츠,9
남자홈트레이닝,45
납땜,10
낫소,4
내,106
내구성,6
내돈내산,15
내부,5
내신관리,4
내열냄비,4
내열성,4
냉장고,23
너,6
넓,45
넓은,10
넓은끈,6
네오듐,11
네오프렌,10
네오프렌아령,5
네오필,6
네이비,4
네이처틴트,8
네일,19
네트워크,5
넥,6
넥스,4
넥클레스,10
노라인,32
노란색,9
노란색상,9
노약자,4
노이즈,5
노인,14
노즐,5
노트,77
노트북,13
노하우,19
노화,11
녹색,43
논슬립,45
논슬립매트,5
놀,14
놀라운,7
높,7
높낮이조절,4
높이기,6
높이조절,9
뇌,17
누,4
누출,6
눈,79
눈건강,4
눈꺼풀,4
눈썹,21
눈썹정리기,4
눈썹칼,25
눈전극,4
느긋하게,4
능력,14
니스포,4
니켄,21
니트,10
다,20
다국어,6
다기능,36
다니,4
다니엘,13
다르다,21
다리,67
다리운동기구,27
다리찢기,10
다리털,5
다리힙업,8
다목적,5
다양,17
다용,46
다용도,5
다우리,13
다운,14
다이어리,76
다이어트,143
다이어트줄넘기,4
다이어트짐볼,5
다채로운,5
다크,9
단계별,13
단단,9
단련,6
단면,5
단순,4
단순화,4
단열,5
단일,8
단체,4
단체줄넘기,12
단품,4
달,6
달라진다,16
달력,21
담,18
담석,12
답,11
당근,4
당기는운동기구,8
당김,4
당신,48
대,47
대기업,4
대놓고,9
대만산,5
대만산여자홈트레이닝홈트레이닝집,5
대용량,5
대학생,32
대형,88
대화법,4
더,70
더메모,11
더바디시크릿,28
더블,11
더블리프팅아령,7
덤밸,4
덤벨,242
덤벨거치대,4
덤벨렉기본형,4
덤벨볼,4
덤벨봉,19
덤벨세트,8
덤벨아령,5
덧신,20
데드리프트,10
데스크,30
데스크탑,11
데이터,39
데일,813
데일리,38
데일리다이어리,13
데일리리포트,13
데일카네기,186
데칼,4
덴탈,4
덴탈케어,4
덴트,11
도,30
도구,220
도금,6
도매,11
도배롤,4
도서,14
도어,24
도어앵커,23
도움,20
도토,21
도파민,4
독,7
독립,15
독일,6
독자율타임무계획본습관양성시간관리월주계획여름방학매일일정마,27
독특,5
돈,55
돈관리,7
돌,39
돌기,21
돌기형,36
돌출형,4
돔볼,22
동결,9
동기부여,7
동네일등,8
동물,11
동시,4
동전,7
동전파스,6
동전패치,8
되어라,4
두,35
두꺼운,70
두꺼운요가매트,27
두뇌,11
두달,5
두피,10
둥근,6
뒤,4
뒤꿈치,11
뒷꿈치,32
뒷면자석,5
듀티,5
드,8
드라이버,20
드라이어,5
드래곤,9
드레싱,5
드롭,9
드릴,33
드림매뉴얼,5
드립니다,8
들녘,6
들려주,4
등,57
등산,14
등산용품,5
등운동,7
디디샵,12
디스크,55
디스플레,6
디자이너빗,5
디자인,28
디젤,6
디지털,65
디톡스,33
딥스,9
딥스바,4
따뜻,41
따뜻한,5
딸,5
딸부잣집,4
땀,5
땀복,4
땅콩,20
떡메모지,6
떨림,4
똑똑,20
뚝배기,5
뛰어난,4
뜨거운,8
뜨겁게,8
뜸,8
라운드,12
라운드티,6
라이트,13
라이프,7
라인,52
라일락퍼플,4
라켓,8
라크로스볼,5
라텍스,230
라텍스밴드,138
라텍스밴드2m홈트레이닝,13
라텍스탄력,4
락,6
락토페린,5
랜덤,13
램프,5
랩,52
랩핑,4
랫풀,4
랫플,4
러닝,5
러닝머신,7
럭셔리,12
런닝,4
런닝머신,14
런닝복,4
런웨이브,31
레그쉐이퍼,11
레깅스,20
레드,23
레드led자기,4
레드색상,9
레드자기,6
레몬맛,6
레벨,8
레이닝,263
레이닝기구,55
레이닝매트,9
레이더,4
레인보우,7
레일,13
레자기,18
레자날,6
레칭,7
레풀,4
렌치,11
렛풀다운그립,4
로드,21
로잉,15
로잉머신,16
로잉밴드,28
로즈,21
로즈골드,8
로즈와인,4
로케이터,7
로프,46
로프운동,9
록,18
롤,78
롤러코스터,4
롤아웃,7
롤폼롤러폼룰러등롤라롤러봉롤러폼,8
롤폼얇은폼롤러운동롤러홈롤러돌기형폼롤러,6
롤폼요가매트요가용품홈트레이닝홈트매트홈트레이닝매,5
롱,17
루비,6
루틴,4
루프,71
루프밴드,159
루프팬드,23
류신,4
리,8
리더,29
리더십,14
리드리드출판,8
리무버,7
리베르,21
리복,32
리빙,12
리빙듀오,20
리스크,10
리스트,9
리커버,15
리턴볼,9
리프터,6
리프트,20
리프트자동차,4
리프팅,23
리프팅밴드,4
리필지,5
릴레,4
릴렉스,35
릴리스,4
릴리프,4
림프,32
링,47
링크,9
마그,4
마그네슘,5
마그네틱,109
마리,8
마법,12
마블,12
마사,5
마사자기,5
마사지,445
마사지공,4
마사지기,163
마사지로프,7
마사지롤,13
마사지링,5
마사지볼,32
마사지볼마사지스틱폼롤,4
마사지스틱,6
마사지스틱폼롤,4
마사지용품,6
마사지짐볼,11
마스크,21
마스크제공,5
마스터,6
마시지,4
마우스,4
마우스피스,32
마운트,20
마음,52
마음관리,8
마음챙김,4
마인드,27
마지막,4
마카롱,10
마케팅,4
마흔,20
막대,10
만년일력,20
만능,10
만드,53
만화,5
많,6
말,26
말고,10
맛,14
망,4
망치,13
매력,21
매일,12
매직,6
매트,227
매트ramt11024,4
매트리스,36
매트요가매트요가용품홈트레이닝홈트매트홈트레이닝매트홈요,4
맨몸,35
맨몸운동,24
맨즈,8
머리,30
머신,17
먹,4
먼북스,25
먼슬리,6
멀티,143
멀티튜빙밴드pro,27
멀티푸쉬업바,7
멀티헬스,4
멀티홈,4
멈뷰티피부,8
멈추려면,10
멋진,14
메디신공,6
메디신볼,31
메르세데스,5
메모,24
메모리,6
메모보드,20
메모장,6
메모지,5
메모패드,4
메쉬,4
메이크업,9
멘탈,73
멜킨,7
면,56
면도기,30
면도빗,5
면보자기,14
면보자기대,5
면보자기소,5
면보자기중,6
명,10
명상,6
명품인맥,5
모,5
모근강화,4
모니터,4
모닝글로리,6
모델,10
모듈,5
모드,10
모래,5
모래시계,13
모래주머니,17
모로오렌지,4
모르,4
모아리빙,7
모양,8
목,123
목건조방지,4
목걸,109
목걸이,4
목걸이팔찌,5
목공,4
목록,5
목봉,4
목욕,9
목표,6
목표관리,4
목표설정,5
몬테소리,11
몰,5
몰입,4
몸,14
몸값,4
몸매,17
몸매관리,21
몸무게,4
몸짱,12
몸풀기,6
못,4
무게,7
무게조절,5
무게추,20
무기,4
무너지지,10
무는습관,26
무료,4
무료배송,4
무릎,98
무릎보호대,5
무삭제,44
무선,50
무소음,46
무음,6
문,6
문구,4
문어,4
문제집,11
문철봉,26
문콕,4
문틀,81
문틀철봉,44
문틀턱걸,6
문틈,5
문학홀릭,4
물,8
물구나무,4
물기방지,16
물리,73
물리치료,4
뭔지,4
미,9
미국,5
미끄럼,16
미끄럼방지,57
미남,5
미네랄,4
미니,98
미니멀,4
미니북,9
미니슬라이드,4
미루지,10
미세모,19
미션,42
미용,72
미용가운,7
미용보자기,13
미용실,24
미용아령,35
미용용품,13
미인,8
미터,10
믹,9
민트,21
밀크북,7
밑창,8
바,101
바꾸,10
바꾼,6
바꿔,7
바꿔라,6
바뀌,9
바닥,17
바디,99
바디라인,17
바디롤,15
바디마사지,5
바디스컬쳐,6
바디아트,26
바디업,11
바디크루,4
바른,15
바른생활,13
바른자세,5
바벨,74
바벨케틀벨덤벨,4
바쁜,7
바이블,7
바이오,25
바이올렛,4
바이크,16
바이킹,7
바인더,5
바지,8
박문각,5
박스,9
박주홍,5
반델,11
반려견,5
반바지,11
반복,4
반사,15
반지,11
반짐볼,6
반투명,4
받침대,22
발,109
발가락,11
발란스,7
발란스볼,7
발레,5
발마사지,12
발매트,6
발목,43
발목모래주머니,6
발목스트랩,4
발목줄넘기,4
발밀,6
발바닥,6
발바닦,5
발열,70
발열양말,18
발열조끼,6
발전기,6
발지압,11
발찌,7
발톱,7
발톱깎,7
발판,5
발포,5
발효효소,5
밤,9
방,73
방문,9
방방,6
방법,7
방수,4
방어,19
방음,5
방지,114
방진,4
방학,24
배,22
배드민턴,19
배드민턴공,7
배송,154
배우,5
배운다,5
배치,4
배터리,5
백,9
백색,7
백색소음기,6
백세,7
백업,5
밴드,545
밴드균형훈련스트랩다용도스트랩스트레칭끈스트레칭밴드요가,4
밴드그립바,6
밴드스트랩줄탄성스쿼트루프용품소근육발달,4
밴드어깨,8
밴드운동,10
밴드헬스소품헬스밴드운동용밴드헬스용밴드풀업바밴드풀업밴드운동소품홈트레이닝도구트,4
밴딩,14
밴딩운동,4
밸런스,65
밸런스보드,25
밸런스볼,30
밸런스볼실버,5
밸런스볼퍼플,7
밸런스볼핑크,4
밸런스운동,6
밸런스쿠션,6
밸런스파워,5
밸브,23
뱃살,65
뱃살마사지,15
뱃살빼,9
뱃살운동,25
뱃살운동기구,10
뱃살타파,6
뱃살훌라후프,4
버,16
버전,11
버클,9
버튼,5
버팀대,29
버핏,8
버핑,14
번,4
번아웃,10
벌고,22
범용,15
범위,4
법,27
법무사,10
법적,4
법칙,19
베개,6
베리믹스향,6
베스,6
베스타,8
베스트,9
베어링,14
베이스,11
베이지,4
베이직,17
베이직북스,7
베이킹,8
벤저민,5
벤츠,6
벤치,6
벤치프레스,9
벨트,124
벽,67
벽걸,9
변형,8
변환,5
보,25
보고,9
보관,21
보냈다,4
보드,91
보드판,7
보디가드차,6
보라,9
보리보리,17
보리보리아이와함,9
보리보리이노플리아,10
보빈,29
보석,56
보수볼,7
보쉬,5
보습,34
보안,7
보온,28
보원,9
보육교사,4
보조,45
보조제,4
보충,4
보호,113
보호기,7
보호대,39
복,6
복근,95
복근왕,4
복근운동,69
복근운동기구,15
복부,35
복부벨트,6
복싱,21
복원,4
본사,5
본시간,18
볼,22
볼트,6
봄봄북스,12
봉,34
부,24
부가상품,8
부드러운,8
부모님,17
부상,23
부자,32
부장,6
부저,4
부지런,6
부직포,9
부착,24
부품,14
부항,6
북,31
북2024,35
북데일,4
북스퀘어,11
분노,9
분리형,31
분말,8
분석,13
분석기,72
분자,9
분해,9
불가리안백,5
불안,36
불행,5
불황기,4
불후,13
붓기,4
붕대,31
붙이,9
붙이기,5
뷰티,58
브,5
브라운,4
브라탑,10
브래킷,10
브러쉬,24
브러시,14
브레드이발소75g,4
브레이스,10
브레이크,5
블랙,201
블랙led자기,4
블랙블랙,4
블랙자기,6
블랙헬스장갑헬스용품홈트레이닝장갑헬스용장갑반장갑헬스반장갑,4
블럭,8
블럭식스,12
블루,127
블루롤러폼마사지롤러바디롤러홈트레이닝홈트요가폼롤러필라,6
블루색상,6
블루오션,5
비,18
비닐,25
비밀,39
비법,6
비상,24
비서,8
비움,6
비주얼,4
비즈,27
비즈니스,6
비취,36
비타민c,4
비트,10
빅,9
빈티지,20
빌딩,5
빗,8
빛,8
빠른,43
빨강,5
빨대,4
빼,7
빼기,14
빼보자,4
뼈,19
뽀모도,5
뿌리,4
사,28
사각,8
사계절,4
사람,122
사람들,11
사로잡,4
사무실,19
사용,36
사은품증정,5
사임당패치,8
사회복지관,5
사회성,8
삭스,21
산본점,4
산업용,6
산업위생관리기사,10
살,5
살기,13
살아가,5
살아라,4
삶,47
삼각,9
삼호미디어,12
상,11
상급자용,4
상벌,21
상세,4
상위,5
상자,25
상처,5
상체,36
상체운동,31
상하의세트,4
상황,4
새로운,21
새롭게,7
새치,8
색,11
색상,22
색상랜덤,31
색조,5
샌드백,10
샌딩,28
생각,5
생각하라,5
생리,29
생일,20
생존,12
생체,19
생활,14
생활비,8
생활습관병,4
생활용품,4
생활통,21
샤오미,4
샤워,18
샤인빈,5
샴푸,7
섀도우,9
서울,4
서울문화사,5
서점추천,95
서클,28
서핑연습,4
선,4
선물,105
선물용,13
선사,10
선생님,7
선수용,7
선수용줄넘기,4
선정리,4
선택,14
설계해,8
설명,6
설정,5
설치,8
섬세,25
섬유,17
성,20
성공,139
성공대화론,87
성공일정,18
성공자,15
성공적인,7
성공학,12
성공할,12
성과,19
성과관리,26
성과관리모형,5
성인,13
성인용,7
성장,5
성장습관,22
성장자율벽,21
성장자율표,67
성장표,21
성진,5
성형,4
세,14
세계,20
세금,4
세라,6
세라믹,11
세라밴드,31
세척,5
세척제,4
세트,348
세트33cm,5
세포,4
센,27
센서티브,9
셀러허브옹기,4
셀프,214
셀프탁구놀,8
셀프탁구세트,8
셔틀콕,17
소,7
소녀,15
소다버블,6
소도구,13
소비,9
소비습관,6
소소,4
소음방지,7
소재,5
소켓,12
소품,17
소프트,42
소프트터치,6
소형,22
속,9
속성,6
손,49
손가락,18
손마사지,10
손목,75
손목강화,10
손목보호대,8
손목시계,15
손목악력기,8
손목운동,4
손실,10
손악력기,4
손안마기,5
손운동,8
손잡,7
손잡이회전,5
손전등,6
손지압기1p,10
손지압볼,5
손질,5
손톱,14
손톱깎,13
손힘,6
솔,5
솔레노이드,11
송풍기,13
쇄골,5
숏,5
수,5
수건,4
수동,10
수리,79
수면,48
수면교육,5
수면밴드,6
수면습관,6
수면습관관리,4
수면용,11
수면용마우스피스,8
수명,4
수밖,13
수분,5
수업,86
수염빗,15
수정,4
수족냉증,4
수직,5
수집,4
수첩,6
수평,11
수험생,26
숙련자,5
숙제,6
순,19
순환,9
숫자,5
쉐이크,6
쉬운,10
쉽게,4
슈박스,4
슈즈,4
슈퍼,9
스,29
스노우보드,4
스마일,5
스마트,98
스마트폰,39
스마트훌라후프,7
스스,4
스위치,12
스윙,4
스캐너,19
스캐닝,4
스케이트,17
스케이트매트,7
스케이트보드,6
스케이팅보드,7
스케일,8
스케줄,38
스케줄러,5
스케쥴,7
스케쳐스깔창,5
스쿼트,159
스쿼트밴드,48
스퀴지,5
스크,4
스크래퍼,6
스크래핑,5
스크레이퍼,4
스크루,6
스키,26
스키니랩,6
스킨,7
스킬,5
스타,148
스타스포츠,63
스타일,11
스타일링,12
스탠다드,8
스탠드,8
스탠드액자2p,7
스탠딩,9
스탭밀,4
스탭퍼,4
스터드,13
스터디,57
스터디플래너,17
스테인레스,69
스테인리스,10
스테퍼,4
스텐,8
스텐철봉도어철봉도어용철봉문틀철봉가정용풀업바턱,4
스텐칼날,4
스텝박스,23
스텝퍼,39
스토브,7
스토퍼,4
스톤,38
스톱워치,10
스트,13
스트라이크,5
스트랩,81
스트레,7
스트레스,32
스트레처,8
스트레치,20
스트레칭,740
스트레칭기구,32
스트레칭도구,4
스트레칭로프,7
스트레칭매트,10
스트레칭바,6
스트레칭밴드,71
스트레칭보드,10
스트레칭봉,11
스트레칭짐볼,7
스트립,25
스티머,8
스티커,103
스티커포,4
스틱,46
스틸,83
스팀기,4
스파트,5
스판,7
스포츠,227
스포츠건강목걸,11
스포츠매트,6
스포츠밴드,6
스포츠용,5
스포츠용품,8
스포츠웨어,4
스포홀릭,5
스프링,39
스프링로드,4
스피닝,14
스피드,4
스피드줄넘기,9
슬기로운,21
슬라이더,4
슬라이드,26
슬라이드보드,10
슬라이딩,24
슬라이딩매트,11
슬라이딩보드,10
슬리밍,146
슬리브,33
슬리퍼,6
슬림,18
슬림구슬,4
슬림핏,4
습관,763
습관관리,7
습관교정,6
습관달력,4
습관잘,6
습관화,71
시,4
시각,4
시각화,6
시간,403
시간관리,463
시간관리법,4
시간표,5
시간혁명,4
시계,65
시관,6
시대,10
시리즈,10
시스템,28
시작,52
시크릿,15
시트,15
시험,14
시험대비,4
식,7
식단,6
식단조절,4
식스라인,8
식이섬유,10
신,5
신개념,19
신경점,7
신기,67
신박,8
신발,41
신부와,18
신상,8
신상품,4
신성,4
신속,4
신제품,8
신진대사,7
신체,13
신체습관,8
신축성,4
실,6
실기,14
실내,217
실내매트요가매트필라테스매트운동매트홈트레이닝홈요,5
실내용,8
실내운동,66
실내운동기구,28
실내운동기구어린이줄넘기무선줄넘기,6
실내자전거,4
실내줄넘기,4
실내철봉,5
실내헬스,4
실드,4
실력,10
실리콘,63
실리콘손목보호대2pcs손목보호대보호대아대손가락보호손가락보호대홈트홈트레이닝운동용품보호,4
실무,7
실버,30
실버티타늄블랙,4
실속형,6
실수,4
실용,7
실용적인,9
실천,67
실천적,6
실패,5
심리학자,5
심장,14
심플,6
십대,8
십자,6
싯업,9
싯업바,40
싯업벤치,8
싯업보드,5
싱글,9
싱크,5
싸이클,5
쌍,59
써클,9
써클링,32
썬버드,18
쎈밴드,8
쑥쑥,8
쓰,4
쓰고,18
쓴,4
씰,8
씰링,8
아,27
아귀힘,5
아날로그,6
아날로그방식,4
아대,4
아동,11
아동줄넘기,5
아디다스,10
아령,317
아령1kg,6
아령1kg2개,5
아령거치대,4
아령바,4
아령봉,14
아령세트,14
아령정리,4
아령홈트홈트레이닝기구홈트레이닝소품아령근력운동미,6
아령홈트홈트레이닝기구홈트레이닝소품아령근력운동미끄,8
아로마,4
아마존,8
아미노산,5
아스타,9
아이워,4
아이워너,270
아이코닉,4
아주,8
아치,6
아침,8
아쿠아,5
아쿠아백,9
아쿠아블루,5
아텍스,8
악력,7
악력기,83
악세사리,16
안,5
안경,5
안마기,16
안마세트,4
안밀리,8
안아파,26
안전,100
안전아령,5
안전철봉,17
안전한운동기구,5
안정성,4
안창,18
안테나,6
안티,14
않,25
않고,6
않는다,4
알,11
알고,6
알람,45
알려주,11
알루미늄,11
알림,45
알투스,12
암모니아프리,5
압,5
압력,14
압박,25
압축,8
압축기,9
앞니,18
앞니기,8
앞치마,6
애경,30
애경치약,11
애니멀,8
애독,8
애완,6
애플,7
애플힙업,9
액세서,8
액세서리,45
액트쿨,6
액티브,4
액티브라이프,4
앤,7
야,5
야간,5
야광,4
야구선수목걸,15
야외,19
얇,11
얇은,4
얇은매트,4
양,6
양말,146
양면,42
양모,13
양장,35
양장본,5
양지사,4
양치,35
양치구강관리치아관리가글양치습관,7
양치습관,42
어깨,127
어깨스트레칭,6
어깨운동,51
어깨운동기구,34
어깨풀업,6
어댑터,5
어때서,9
어떡해,8
어려운,7
어린,67
어린이,10
어린이용,6
어린이줄넘기,10
어린이치약,13
어버이날,13
어싱밴드,6
어싱파동밴드머리,4
어처구니,19
억제,4
언제나,6
얼굴,30
얼굴마사지기,8
얼마인,6
얼음,4
엄마,21
엄마마,4
업,15
업무,8
업무용,4
업앤쉐이프,26
없,43
없음,12
엉덩,20
엉망진창,4
에너지,141
에너지관리기사,7
에듀윌,5
에디션,17
에르고기어,19
에버라스트,12
에세이,5
에어,24
에어로빅,22
에어로빅매트,10
에어보드,4
에어쿠션,4
에이미스aimeis,5
엑서,13
엑셀,9
엔틱,5
엘스,7
엠보싱,4
엣센셜,20
엣지,8
여,9
여름,6
여름방학,45
여성,297
여성용,59
여자,151
여자아령,12
여자홈,6
여자홈트레이닝,49
여자홈트레이닝기구,26
여자홈트레이닝라텍스라텍스밴드스트레칭스트레칭소품근력밴드,6
여친,12
여행,8
역,15
역기,4
역기봉,18
역도벨트,6
역사,4
연료,13
연마,22
연소,10
연습,22
연습기,9
열,25
열선,5
염색가운,7
염색보,10
염색보자기,12
염색약,13
영감,4
영구,6
영수증,4
영양,6
영양제,6
영어,9
영한대역,11
영혼,9
예,5
예민,4
예방,4
예비,6
예쁜,9
예산링,4
옐로우,12
오,5
오거나이저,7
오늘이다,6
오레인,19
오렌지,21
오렌지롤러폼마사지롤러바디롤러홈트레이닝홈트요가폼롤러필,8
오리지날,5
오리지널,6
오일,11
오일타이머,4
오장육부,7
오젬,11
오즈,5
오키드,4
오토,9
오토바,27
오픈,6
오피스,4
오후공간,4
옥,41
온,50
온열,66
올바른,7
와,5
와이드,35
와이어,240
와인,58
와튼스쿨,7
완,21
완력기,92
완벽,5
완역,21
완역본,67
완역판,12
완장,4
완전,9
완전판,8
완화,125
왜,7
외,6
외출,6
요,644
요가,30
요가도구,4
요가롤,15
요가링,30
요가매트,333
요가매트16mm,5
요가매트가방,5
요가바,5
요가밴드,35
요가벨트,6
요가복,14
요가볼,5
요가봉,23
요가블럭,6
요가양말,5
요가용,6
요가용품,28
요가짐볼,9
요가휠,11
요리,25
요법,26
요소,13
요추,37
욕실,8
용,34
용기,6
용기구,9
용돈,20
용돈관리,11
용돈기입장,9
용량,6
용재수필,5
용접,9
용품,161
우,10
우드,47
우리,7
우울,29
우정,10
우프,5
욱,8
운,26
운동,1130
운동고무밴드,5
운동공,4
운동기,27
운동기구,341
운동기구그린,4
운동기구링요가링필라테스필라테스링서클링요가서클링요가,4
운동기구필라테스실내훌라후프스마트훌라후프홈트레이,4
운동매트,71
운동메트헬스홈트접이식스포츠홈트레이닝스트레칭매트리스,4
운동밴드,31
운동복,27
운동봉,4
운동시계,8
운동용,29
운동용고무,6
운동용품,62
운동홈트레이닝기구홈트홈짐튜빙밴드허벅지근육운,6
움직이,6
웃으면,5
웅진북센데일,13
웅진북센데일카네기,5
워런,8
워킹머신,5
워터바벨,6
워터백,5
원격,5
원리,19
원본,13
원석,12
원소,8
원어민,6
원예,25
원적외선,26
원전,17
원칙,11
원판,5
원판운동기구헬스기구홈트레이닝기구스트레칭판스트레칭원판트,4
원판운동기구헬스기구홈트레이닝기구스트레칭판스트레칭원판트위스트,5
원형,12
월,6
월간,7
월마운트,6
월별,47
웨이브,4
웨이트,158
웨이트기구,14
웨이트밴드,4
웨이트볼,38
웨이트용품,6
위,287
위기관리,6
위치,10
위클리,11
위한,10
위한생애설계,6
윈에어,10
윗몸,9
윗몸일으키기,64
유,39
유기체,6
유니섹스,4
유대인,4
유리,22
유산균,10
유산소,95
유산소운동,40
유산소줄넘기,4
유선,5
유아,15
유압,5
유압식,5
유연,8
유연성,10
유지,57
유치원,4
유쾌,5
유행,11
육각,39
육각돌기,7
육각아령,47
육각형,4
윤활,4
은퇴,6
음소거,7
음이온,16
응급,11
응원,7
의료기기인증,18
의료용,33
의료용자기발생기,56
의자,5
이,6
이기,5
이기적,11
이너뷰티,14
이노플리아,10
이더,6
이동,4
이동식,7
이동형버클,4
이드,8
이든앤저스티스,7
이루,13
이발가운,5
이발보,9
이분의일,8
이빨,15
이악,17
이악무는습관,4
이어폰,12
이온,6
이완,15
이중,57
이중미세모,19
이중안전,4
이중자기,4
이중턱,4
이지,4
이지중량밴드,4
이해,4
인,7
인간,11
인간관계,32
인간관계론,218
인간관계론자기관리론,9
인간관계론자기관리론성공대화론,8
인간관계자기관리인생경영성공대화,6
인간관리,5
인공지능,6
인기,9
인도보드,5
인맥,10
인맥관리,12
인생,140
인생관리,19
인재,6
인재관리,6
인정받고,9
인젝터,13
인체,5
인치,29
인테리어,9
일,129
일다운,4
일링,11
일반,8
일반모,5
일반형,4
일본,21
일상,12
일으키기,9
일일,47
일일계획,26
일일계획본타카드본임무습관양성시간관리월간주계획매일일정마인드맵본,23
일일자율학습계획표,23
일자,5
일자형,22
일정,78
일정관리,19
일정표,15
일주일,21
일처리,6
일체형,7
일하,9
읽,31
임산부,5
입,5
입꾹밴드,7
입문용,4
입벌림,5
입벌림방지,11
입체,22
자,15
자가,4
자궁,11
자극,31
자극기,10
자기,2215
자기계발,30
자기계발기술,7
자기관리,604
자기관리끝판왕차,9
자기관리론,891
자기관리론국내,4
자기관리론국내최초,8
자기관리론무삭제,11
자기관리론미니북,7
자기관리론영한대역,7
자기관리론큰글자책,4
자기관리용,5
자기관리필수품,4
자기냄비,4
자기리프터,4
자기발생,12
자기발생기,36
자기벽스티커,21
자기부상,4
자기야,4
자기요법,25
자기융착,6
자기장,5
자기전,13
자기조절학습능력,4
자기주,22
자기주도성,5
자기주도학습,17
자기파스,4
자기패치,10
자기혁신,4
자기훈련,4
자녀,5
자동,64
자동차,327
자동차수리보드,10
자동차수리용품36인치,6
자동차수리용품40인치,4
자동차작키,5
자동카운터,5
자력,6
자면,14
자명종,5
자물쇠,7
자산관리,29
자서전,6
자석,243
자석건강팔찌,13
자석깔창,5
자석목걸,12
자석파스,17
자석팔찌,12
자석패치,11
자세,45
자세교정,7
자소엽,4
자수정,4
자신,19
자아실현,8
자연,17
자연법칙,5
자외선,4
자율,43
자율시간,20
자율신기,42
자율체크기,21
자율타자기,23
자율타카북,51
자율표,18
자율학습계획표,44
자이로볼,7
자이로볼자이로볼손목운동기구홈트레이닝손목운동손목운동볼손목운동기손,4
자전거,16
작,60
작업,18
작업용,4
작업장,23
작키,4
잘,63
잘나가,11
잘못,4
잠,4
잠금,28
잠자,6
잠자기,12
잠자기전,4
잡는,8
잡는힘,4
잡히,6
장,23
장갑,9
장난감,13
장려스티커포인트카드,21
장비,61
장식,20
장악하라,6
장착,9
장치,126
재료,4
재발견,4
재사용,20
재정관리,4
재활,35
재활운동,11
저널,4
저녁,9
저당습관,5
저소음,6
저스트업,4
저스트파,6
저주파,24
저축,4
저항,65
저항밴드,23
적게,4
적외선,9
적철광,90
적합,5
전,25
전2권,358
전3권,33
전4권,9
전극,17
전기,189
전기덴트,4
전기면도기,8
전기석,66
전기선,4
전도성,13
전동,6
전략,9
전류,4
전문,9
전문가,23
전문가용,10
전보다,4
전선타,8
전술,6
전신,143
전신로잉밴드,7
전신운동,81
전신운동기구,23
전신운동필라테스도구요가도구필라테스소품홈트레이닝도구홈헬스도구헬스도구,4
전신튜빙밴드,5
전완근운동,7
전용,5
전원,21
전통,43
전해준,10
전화,14
절묘,5
절약기,4
절연,15
점화,8
접이식,55
접이식매트,4
접지선,4
접착,369
접착식,25
접착제,44
정,6
정렬,6
정리,58
정리대,7
정리도구,4
정민미디어,4
정밀,16
정비,17
정석,8
정전기,27
정전기방지,5
정품,19
정형,13
제,22
제거,73
제모,8
제모기,4
제빙,6
제설,7
제안,8
제어,46
제이북스,16
제이엘,16
제품,8
젠링,5
젤,17
젤리,4
조,5
조각,11
조기,8
조깅,7
조끼,5
조립식,7
조명,12
조용,7
조인트,7
조절,95
조절식,19
조절하지,4
조절형,4
조정,63
조직,20
조직관리,7
종아리,86
종아리링,4
좋,199
좋은습관,7
좋은습관키우기,21
좌식,4
주,33
주간,58
주간계획,48
주단위,4
주름,8
주방,58
주부,11
주석판,18
주아카시아리빙,4
주얼리,7
주인,11
주차,9
주최자,111
주택관리사,6
주파,5
죽도록,5
줄,14
줄넘기,148
줄넘기매트,6
줄넘기운동,5
줄넘기줄넘기헬스줄넘기운동줄넘기다용도줄넘기카운터,4
줄무늬,23
줄없,25
줄없는줄넘기,6
줄이,4
중,7
중고,7
중괄호,14
중국,6
중년,9
중독,14
중량,6
중량밴드,15
중심,8
중앙경제평론사,8
중요,4
중장년,5
중지,6
중학생,6
쥬얼리,66
즈,29
즈밴드,13
즐기,4
지,8
지능형,23
지도자,7
지르코니아,4
지르콘,18
지마켓광고500원할인,49
지방,23
지방마사지,26
지압,116
지압볼,6
지압훌라후프,6
지원,58
지지,46
지지대,27
지출,4
지출관리,5
지침서,5
지켜주,8
지킴,6
지혜,7
직관적,4
직구,15
직무관리,4
직송,6
직업,17
직업인,6
직원,4
직장,8
직장인,32
진공,15
진단,12
진동,62
진동소리모드,4
진정,11
질,28
질개선,8
짐볼,120
짐스틱,29
짐스틱짐스틱전신운동코어운동팔운동하체운동운동기구홈웨이트기구홈트레이닝기구근력운,4
짐스틱퍼플,5
짐스틱퍼플홈요,12
집,74
집중,4
집중력,5
집중시계,5
징계,4
짜증내지,5
짧,55
쪼임,8
찜기깔개,13
찜시트,13
찜질기,18
차,6
차가운,5
차단기,15
차량,37
차량용,15
차량용커피포트,4
차박,4
차조기,4
차체,10
차폐,11
착용감,8
참피온,7
창,26
창문,5
창문안전바,4
찾,8
찾다,9
찾아오,8
채찍,5
책,92
책벅지,12
책상,41
책에반,5
책읽기,4
책임지,13
챌린지,5
챙김,5
처세술,17
처치,7
척추,19
천,6
천국의계단,4
천연,48
천연고무요가매트,4
천연석,4
천재,7
철,7
철봉,202
철봉운동,4
철학,15
첫,18
청,27
청소,29
청소년,39
청소용,7
체,8
체계적,4
체력,5
체력시험준비,6
체육,11
체육관,8
체인,20
체중,147
체중계,20
체지방,20
체크,41
체크리스트,16
체크표,43
체형,11
체형보정,9
초경량,7
초급자용,5
초등,51
초등치약,12
초등학생,23
초역,17
초음파,7
초판,24
촉진,15
촉진신진,6
촉진신진대사,8
총,6
최강,15
최고,49
최고급,4
최상,7
최신,15
최적,11
최적화,6
최초,12
추가벨트,5
추적,15
추적기,13
추천,17
추출물,8
축구,11
충,7
충격,4
충격완화,8
충격흡,5
충돌,15
충전,35
충전식,27
취업,7
측정,17
측정기,26
층간소음,61
층간소음방지,8
층간소음운동매,4
치,13
치과의사,4
치닝디핑,61
치료,290
치매박사,4
치아,50
치아관리,55
치약,4
치유,27
친구,11
친업,5
친업바,10
친우코렉트,9
친환경,4
칠전몰,6
침대,6
침묵,5
침술,23
침흘림방지,4
칫솔,53
카네기,878
카네기인간관계론자기관리론,9
카드,15
카드놀,41
카라비너,4
카메라,5
카바,8
카방,18
카센타,10
카운터,49
카운터줄넘기,7
카운트,16
카운트다운,22
카운팅,7
카트,10
카펫,5
카포트,4
칼,18
칼라,6
칼라아령,7
칼라풀,6
칼로리,6
캐릭터,11
캐쉬북알뜰계획가계부좋은습관가계부출납수기장부캐쉬기록북가계부관리,8
캐스터,9
캐틀벨,6
캘린더,19
캘린더북,25
캠버,10
캠핑,11
캡슐,4
커리어,5
커먼,11
커버,9
커트,16
커트보,14
커트보자기,12
커프,9
커플,40
컬,36
컬러아령,8
컬러풀,4
컬러풀달력,4
컬렉션,6
컬바,6
컴퓨터,6
컵,6
컷트보,18
케겔,61
케겔운동,11
케겔운동기구,17
케겔운동기구그린,4
케겔운동기구그린골반,4
케겔운동기구민트골반,5
케겔운동기구핑크골반,6
케어,32
케이블,304
케이블정리,24
케이블정리홀더,5
케이블클립,18
케이스,10
케틀벨,18
케틀벨케틀벨덤벨헬스용품운동용품홈트레이닝홈트용품홈트헬스장케,4
켤레,5
코,19
코가위,15
코골,27
코드,171
코란토테,10
코르크,6
코막힐때,5
코어,101
코어운동,68
코어운동근력소근육웨이트홈트홈트레이닝,4
코어운동기구,11
코어워크,6
코에붙이,5
코일,11
코칭,7
코클리어,5
코털,15
코털제,20
코팅,13
코호흡유,10
콘솔,4
콜라겐,5
콜란토테colantotte,7
콧털,26
콧털가위,20
콧털정리,19
쿠션,34
쿠킹,16
쿠킹타이머,7
쿨,6
쿨샵,16
큐브,15
큐빅,20
큐티클,4
크,10
크기,6
크로스,7
크로스핏,22
크로스핏용품,5
크로파,4
크롬,6
크롬도금,9
크롬홈트홈트레이닝기구홈트레이닝소품아령근력운동미끄,4
크리스탈,27
크리스탈실키,4
큰글씨책,9
큰글자도서,6
큰글자책,7
클,19
클래식,23
클램프,159
클러치,10
클립,229
키,9
키밍,23
키우기,33
키즈,7
키친,7
키트,44
키퍼,4
킴벌리,7
킹,4
킹트,4
킹트레이드,4
타,81
타공돌,10
타오,4
타올,8
타월,4
타이,4
타이거,12
타이머,174
타이밍,11
타이어,10
타임,17
타임타이머,10
타입,5
타자기,22
탁구,36
탁구놀,19
탁구놀이세트,4
탁구라켓,7
탁구세트,9
탁구연습,21
탁상,10
탁상시계,8
탁상용,5
탁월,4
탄력,68
탄력고무,12
탄력라텍스라텍스밴드스트레칭스트레칭소품근력밴드,6
탄력밴드,61
탄성,90
탄성력,7
탄성바,4
탄성밴드,20
탄소,13
탈착식,7
탈출,12
태권,7
태도,4
택1,5
터널,7
터빈,5
터치,4
터치식,4
턱,9
턱걸,188
턱걸이,8
턱걸이기구,7
턱걸이바,5
턱걸이밴드,30
턱걸이봉,8
턱걸이운동,9
턱걸이운동기구,8
턱관절,10
턱수염디자인,5
턱수염빗,5
텅스텐,14
테,6
테라피,39
테라헤르츠,17
테스,6
테스터,13
테스트,27
테슬라,5
테이,4
테이블,63
테이프,150
텐셔너,5
텔레스코프,8
텔레스코픽,14
토끼,8
토르말린,73
토삭스,9
토탈케어,5
톤,4
통,5
통기성,15
통증,136
통증완화,8
통풍,4
퇴사,8
투두리스트,10
투명,26
투톤,31
튜닝밴드,4
튜브,6
튜빙,119
튜빙밴드,201
튜빙밴드라텍스운동홈트레이닝,6
튜빙세트,5
튜빙풀업밴드,8
트,8
트라이언z,6
트래커,4
트랙스타,7
트램폴린,8
트럭,12
트레이너,4
트레이닝,67
트레이닝복,12
트레일,4
트리머,7
트와일라잇,4
트위스터,11
트위스트,70
특,7
특별,4
특별판,26
특별한정보급판,5
튼튼,4
티,5
티타늄,84
틴트케틀벨,6
팁,7
팅클,7
파,7
파나소닉,5
파닉스,10
파동,5
파마,4
파마보,8
파마보자기,5
파스,6
파스텔,8
파우더,13
파우치,4
파워,68
파워홈트,9
파이프,6
파티,8
판,13
판금,6
판매,5
팔,32
팔각형,4
팔굽혀펴기,191
팔굽혀펴기기구,36
팔굽혀펴기봉,7
팔굽혀펴기푸샵운동홈트홈트레이닝팔굽혀펴기푸쉬업풋샵,4
팔귭혀펴기,5
팔꿈치,5
팔뚝,8
팔뚝살,34
팔씨름,8
팔운동,18
팔운동기구,4
팔찌,297
팔팔하게,6
팝북,16
패,7
패달,4
패드,263
패딩,22
패브릭,5
패션,100
패션팔찌,6
패스너,22
패치,33
패턴,8
퍼머보,5
퍼밍,6
퍼즐,4
퍼플,72
펀치,10
펀칭볼,5
펄스,33
펌프,12
펌프포,6
펑크,17
페달,11
페달형,8
페이셜,11
페이스,4
페이지,4
페인트,65
펜,23
펜던트,8
펴기,4
편,23
편리,12
편안,55
편안하게,5
편안해지,4
편집,8
평범,14
평행봉,6
포,12
포스터,4
포인트,25
포장,9
포켓,13
포켓북,5
포터블,4
포함,13
폭,5
폭조절,4
폭탄,7
폴딩,11
폴딩매트,6
폴리싱,41
폼,42
폼롤,145
폼롤러33cm,10
폼롤러45cm,12
폼볼,4
폼플,5
표,11
표시,5
표시기,8
표현,6
푸샵,23
푸샵바,14
푸셥,4
푸셥바,8
푸쉬바,10
푸쉬업,89
푸쉬업그립,14
푸쉬업기구,13
푸쉬업바,226
푸쉬업바s형색상랜덤,4
푸쉬업바푸시업바홈트레이닝악력기푸쉬바푸쉬업기구푸시업팔굽혀펴기기구,4
푸쉬업보드,20
푸쉬업푸샵운동홈트홈트레이닝팔굽혀펴기푸쉬업풋샵,5
푸시,7
푸시업,32
푸시업그립,12
푸시업바,49
푸안나fuanna,4
풀,16
풀세트,11
풀업,96
풀업기구,4
풀업바,54
풀업밴드,262
풀업밴드투톤,20
풀업운동,7
풀커버,4
품질,14
풋,4
풋샵,10
풋케어,13
풋패드,17
풍력,5
퓨어,6
프,16
프랭클린,7
프레임,7
프렌즈,4
프로그램,7
프로모릭스,7
프로스펙스,4
프로젝트,39
프로페셔널,5
프록시마,13
프리,5
프리미엄,53
플라스틱,23
플라잉,19
플라잉요,4
플래너,132
플래닝,4
플랜위드,22
플랭크,19
플랭크기구,4
플러그,17
플러스피크,7
플레이트,5
플렉스바,4
플로킹,28
플립벨트,8
피,34
피넛,5
피부,28
피부관리,6
피부관리끝판왕차,6
피쉬콜라겐,4
피스,7
피어싱,10
피트니스,92
피티니스,4
픽,14
픽업,35
핀치,4
필,13
필기,13
필라테,10
필라테스,523
필라테스기구,7
필라테스링,48
필라테스링핑크,4
필라테스매트,21
필라테스바,4
필라테스밴드,9
필라테스볼,4
필라테스봉,4
필라테스소도구,5
필라테스스틱,16
필라테스용품,8
필라테스짐볼,8
필라테스헬스트레이닝운동도구용품,4
필라테스홈트레이닝,4
필라테스홈필라테스필라테스홈,4
필라테스휠,4
필름,48
필수품,25
핏,16
핏분,7
핏퐁,4
핑거,5
핑크,109
핑크롤러폼마사지롤러바디롤러홈트레이닝홈트요가폼롤러필라,4
핑퐁,11
하,14
하드,7
하드타입,4
하루,60
하루관리,30
하버드,96
하부,10
하위,4
하의레깅스,6
하중,6
하체,67
하체운동,14
하프짐볼,8
학교,10
학생,94
학생용,5
학생학습계획,23
학습,128
학습계획,41
학습계획표,26
학습법,4
학습시간관리,4
학습용,7
학습전략,6
한권,5
한달,5
한드레,5
한일의료기,5
한정,5
한정품,4
할,17
함,8
합금,7
합리적인,4
합본,30
핫,6
해결사,4
해독,14
해먹,5
해빗,9
해소,7
해외,5
해피데,4
해피아워메이크,7
핵심,28
핵심이다,4
핸,4
핸드,17
핸드그립,12
핸디,6
했다,14
행,5
행동,24
행동하라,10
행복,34
행복해지,6
행잉레그레이즈,8
향,7
향상,14
허리,128
허리라인홈트레이닝데일리웨어요가운동스포츠티셔츠,6
허리밴드,17
허리보호대,4
허리스트레칭,9
허리스트레칭기구,6
허리운동,14
허벅지,134
허벅지근육운동,5
허벅지살,4
허벅지운동,15
허벅지운동기구,6
헤드,26
헤드폰,13
헤비,7
헤어,36
헤어소품,9
헬,14
헬스,1067
헬스기구,42
헬스로프,4
헬스매트,38
헬스밴드,27
헬스복,6
헬스봉,5
헬스소품,11
헬스스포츠,5
헬스아령,11
헬스옷,5
헬스용,4
헬스용품,197
헬스운동,6
헬스운동기구,4
헬스운동라텍스라텍스밴드스트레칭스트레칭,4
헬스웨,7
헬스장,70
헬스장갑sb825헬스장갑헬스용품홈트레이닝장갑헬스용장갑반장갑헬스반장갑,4
헬스장매트,7
헬스케어,12
헬스후프,4
현대,5
현대hmall,38
현대지성,22
현미,4
현실적인,7
현주씨,21
혈관,6
혈당관리,5
혈압,9
혈액,12
혈액순환,19
혈침기,5
협력,5
협력업체,28
호,4
호랑,22
호스,4
호이스트,5
호일,26
호텔,4
호환,4
호흡,11
혼시티,4
혼자,10
혼자운동,5
혼합,7
혼합곡,5
홀,7
홀더,189
홀로그램,11
홈,170
홈요,7
홈짐,13
홈짐세트,7
홈케어,13
홈트,868
홈트기구,17
홈트레이너,6
홈트레이닝,3313
홈트레이닝기구,351
홈트레이닝기구ab스트랩,5
홈트레이닝기구라텍스라텍스밴드스트레칭스트레칭소품근력밴드,5
홈트레이닝다리운동다리스트레칭스트레칭소품스트레칭용품,4
홈트레이닝도구,33
홈트레이닝매트,50
홈트레이닝메트,4
홈트레이닝밴드,8
홈트레이닝용품,15
홈트레이닝철봉도어철봉도어용철봉문틀철봉가정용풀업바턱걸이,4
홈트레이닝필,4
홈트레이닝필라테스폼롤러종아리폼롤러헬스롤러스트레칭,5
홈트매트,19
홈트아령,5
홈트요가매트요가용품홈트레이닝홈,9
홈트용품,10
홈트운동기구,12
홈트운동메트헬스접이식스포츠홈트레이닝매트리스휴대용,6
홈트운동메트헬스접이식스포츠홈트레이닝스트레칭,6
홈피트니스,4
화나,8
화살표,7
화이트,43
화이트보드,8
화장,12
화장실,6
확,8
확대,7
확인,5
환자,4
활용,7
활용할까,5
황금,11
황금비율,6
회복,6
회복탄력성,10
회사,7
회사원,4
회전,20
회전식,4
효,21
효과적인,24
효능,5
효모,4
효소,6
효율성,4
효율적,8
효율적인,5
후,11
후드,8
후크,19
후프,27
훈련,59
훌라,12
훌라우프,7
훌라후프,118
훌륭,8
휘트니스,18
휠,41
휴대,17
휴대용,117
휴대용체육관,4
휴대폰,10
휴식,16
휴식시간,22
흑연,38
흑요석,25
흠집방지,15
흡,8
흡입,45
흡착,11
흡착식,53
흡착식윗몸일으키기기구,5
희토류건강팔찌,13
흰머리,7
히뚜상점,4
히터,12
히팅기,5
힐링,12
힐링데,6
힐링패치,5
힘,24
힘조절가능1040kg,4
힙,14
힙딥,12
힙밴드,34
힙업,139
힙업밴드,25
힙업운동,35
힙합,4
